cruise_code,cruise_name,nights,departure_port,destination,ships,dates,num_dates,first_sailing_prices,url
DA0086,3-Night Cruise from Singapore,3,Singapore,SINGAPORE,Disney Adventure,2026-10-12 to 2026-10-15 | 2026-10-19 to 2026-10-22 | 2026-10-26 to 2026-10-29 | 2026-11-02 to 2026-11-05 | 2026-11-09 to 2026-11-12 | 2026-11-16 to 2026-11-19 | 2026-11-23 to 2026-11-26 | 2026-11-30 to 2026-12-03 | 2026-12-07 to 2026-12-10 | 2026-12-14 to 2026-12-17 | 2026-12-21 to 2026-12-24 | 2026-12-28 to 2026-12-31 | 2027-01-04 to 2027-01-07 | 2027-01-11 to 2027-01-14 | 2027-01-18 to 2027-01-21 | 2027-01-25 to 2027-01-28 | 2027-02-01 to 2027-02-04 | 2027-02-08 to 2027-02-11 | 2027-02-15 to 2027-02-18 | 2027-02-22 to 2027-02-25 | 2027-03-01 to 2027-03-04 | 2027-03-08 to 2027-03-11 | 2027-03-15 to 2027-03-18 | 2027-03-22 to 2027-03-25 | 2027-03-29 to 2027-04-01 | 2027-04-05 to 2027-04-08 | 2027-04-12 to 2027-04-15 | 2027-04-19 to 2027-04-22 | 2027-04-26 to 2027-04-29 | 2027-05-03 to 2027-05-06 | 2027-05-10 to 2027-05-13 | 2027-05-17 to 2027-05-20 | 2027-05-24 to 2027-05-27 | 2027-05-31 to 2027-06-03 | 2027-06-07 to 2027-06-10 | 2027-06-14 to 2027-06-17 | 2027-06-21 to 2027-06-24 | 2027-06-28 to 2027-07-01 | 2027-07-05 to 2027-07-08 | 2027-07-12 to 2027-07-15 | 2027-07-19 to 2027-07-22 | 2027-07-26 to 2027-07-29 | 2027-08-02 to 2027-08-05 | 2027-08-09 to 2027-08-12 | 2027-08-16 to 2027-08-19 | 2027-08-23 to 2027-08-26 | 2027-08-30 to 2027-09-02 | 2027-09-06 to 2027-09-09 | 2027-09-13 to 2027-09-16 | 2027-09-20 to 2027-09-23 | 2027-09-27 to 2027-09-30 | 2027-10-04 to 2027-10-07 | 2027-10-11 to 2027-10-14 | 2027-10-18 to 2027-10-21 | 2027-10-25 to 2027-10-28 | 2027-11-01 to 2027-11-04 | 2027-11-08 to 2027-11-11 | 2027-11-15 to 2027-11-18 | 2027-11-22 to 2027-11-25 | 2027-11-29 to 2027-12-02 | 2027-12-06 to 2027-12-09 | 2027-12-13 to 2027-12-16 | 2027-12-20 to 2027-12-23 | 2027-12-27 to 2027-12-30,64,"Inside: ₹166,248, Outside: ₹187,632, Verandah: ₹195,146, Suite: ₹1,448,148",https://disneycruise.disney.go.com/en-in/cruises-destinations/list/DA0086/3-Night-Cruise-from-Singapore/2026-10-12-Disney-Adventure/
DW2211,3-Night Baja Cruise from San Diego,3,San Diego,MEXICAN RIVIERA,Disney Wonder,2026-11-02 to 2026-11-05 | 2027-01-07 to 2027-01-10 | 2027-01-22 to 2027-01-25 | 2027-02-12 to 2027-02-15 | 2027-02-19 to 2027-02-22 | 2027-02-26 to 2027-03-01 | 2027-03-05 to 2027-03-08 | 2027-03-19 to 2027-03-22 | 2028-01-07 to 2028-01-10 | 2028-01-14 to 2028-01-17 | 2028-02-01 to 2028-02-04 | 2028-02-04 to 2028-02-07 | 2028-02-11 to 2028-02-14 | 2028-02-25 to 2028-02-28 | 2028-03-03 to 2028-03-06 | 2028-03-13 to 2028-03-16 | 2028-03-24 to 2028-03-27 | 2028-03-31 to 2028-04-03 | 2028-04-07 to 2028-04-10 | 2028-04-10 to 2028-04-13 | 2028-04-21 to 2028-04-24,21,"Inside: ₹122,204, Outside: ₹140,121, Verandah: ₹166,707, Suite: ₹379,971",https://disneycruise.disney.go.com/en-in/cruises-destinations/list/DW2211/3-Night-Baja-Cruise-from-San-Diego/2026-11-02-Disney-Wonder/
DW2225,4-Night Baja Cruise from San Diego,4,San Diego,MEXICAN RIVIERA,Disney Wonder,2027-01-03 to 2027-01-07 | 2027-01-25 to 2027-01-29 | 2027-02-22 to 2027-02-26 | 2027-03-08 to 2027-03-12 | 2027-03-22 to 2027-03-26 | 2027-03-29 to 2027-04-02 | 2027-04-19 to 2027-04-23 | 2027-11-04 to 2027-11-08 | 2028-02-07 to 2028-02-11,9,"Inside: ₹179,543, Outside: ₹209,597, Verandah: ₹248,897, Suite: ₹483,932",https://disneycruise.disney.go.com/en-in/cruises-destinations/list/DW2225/4-Night-Baja-Cruise-from-San-Diego/2027-01-03-Disney-Wonder/
DW2214,3-Night Very Merrytime Baja Cruise from San Diego,3,San Diego,MEXICAN RIVIERA,Disney Wonder,2026-11-13 to 2026-11-16 | 2026-12-04 to 2026-12-07 | 2026-12-15 to 2026-12-18 | 2027-11-12 to 2027-11-15,4,"Inside: ₹144,166, Outside: ₹165,551, Verandah: ₹271,894, Suite: ₹440,078",https://disneycruise.disney.go.com/en-in/cruises-destinations/list/DW2214/3-Night-Very-Merrytime-Baja-Cruise-from-San-Diego/2026-11-13-Disney-Wonder/
DW2228,3-Night Baja Cruise from San Diego,3,San Diego,MEXICAN RIVIERA,Disney Wonder,2027-01-15 to 2027-01-18 | 2027-01-29 to 2027-02-01 | 2027-03-26 to 2027-03-29,3,"Inside: ₹180,027, Outside: ₹210,658, Verandah: ₹260,362, Suite: ₹527,954",https://disneycruise.disney.go.com/en-in/cruises-destinations/list/DW2228/3-Night-Baja-Cruise-from-San-Diego/2027-01-15-Disney-Wonder/
DA0085,4-Night Cruise from Singapore,4,Singapore,SINGAPORE,Disney Adventure,2026-10-08 to 2026-10-12 | 2026-10-15 to 2026-10-19 | 2026-10-22 to 2026-10-26 | 2026-10-29 to 2026-11-02 | 2026-11-05 to 2026-11-09 | 2026-11-12 to 2026-11-16 | 2026-11-19 to 2026-11-23 | 2026-11-26 to 2026-11-30 | 2026-12-03 to 2026-12-07 | 2026-12-10 to 2026-12-14 | 2026-12-17 to 2026-12-21 | 2026-12-24 to 2026-12-28 | 2027-01-07 to 2027-01-11 | 2027-01-14 to 2027-01-18 | 2027-02-04 to 2027-02-08 | 2027-02-25 to 2027-03-01 | 2027-04-01 to 2027-04-05 | 2027-04-15 to 2027-04-19 | 2027-04-22 to 2027-04-26 | 2027-06-03 to 2027-06-07 | 2027-06-10 to 2027-06-14 | 2027-06-17 to 2027-06-21 | 2027-06-24 to 2027-06-28 | 2027-07-01 to 2027-07-05 | 2027-07-08 to 2027-07-12 | 2027-07-15 to 2027-07-19 | 2027-07-22 to 2027-07-26 | 2027-07-29 to 2027-08-02 | 2027-08-05 to 2027-08-09 | 2027-08-12 to 2027-08-16 | 2027-08-19 to 2027-08-23 | 2027-08-26 to 2027-08-30 | 2027-09-02 to 2027-09-06 | 2027-09-09 to 2027-09-13 | 2027-09-16 to 2027-09-20 | 2027-09-23 to 2027-09-27 | 2027-09-30 to 2027-10-04 | 2027-12-30 to 2028-01-03,38,"Inside: ₹150,643, Outside: ₹192,256, Verandah: ₹188,403, Suite: ₹1,615,322",https://disneycruise.disney.go.com/en-in/cruises-destinations/list/DA0085/4-Night-Cruise-from-Singapore/2026-10-08-Disney-Adventure/
DW2212,4-Night Baja Cruise from San Diego,4,San Diego,MEXICAN RIVIERA,Disney Wonder,2026-11-05 to 2026-11-09 | 2027-01-18 to 2027-01-22 | 2027-02-01 to 2027-02-05 | 2027-02-15 to 2027-02-19 | 2027-03-01 to 2027-03-05 | 2027-11-08 to 2027-11-12 | 2028-01-10 to 2028-01-14 | 2028-01-24 to 2028-01-28 | 2028-01-28 to 2028-02-01 | 2028-02-21 to 2028-02-25 | 2028-02-28 to 2028-03-03 | 2028-03-16 to 2028-03-20 | 2028-03-20 to 2028-03-24 | 2028-03-27 to 2028-03-31 | 2028-04-03 to 2028-04-07 | 2028-04-13 to 2028-04-17 | 2028-04-17 to 2028-04-21 | 2028-04-24 to 2028-04-28,18,"Inside: ₹149,634, Outside: ₹171,981, Verandah: ₹263,683, Suite: ₹506,424",https://disneycruise.disney.go.com/en-in/cruises-destinations/list/DW2212/4-Night-Baja-Cruise-from-San-Diego/2026-11-05-Disney-Wonder/
DD1526,3-Night Bahamian Cruise from Fort Lauderdale,3,Fort Lauderdale,BAHAMAS,Disney Dream,2026-11-06 to 2026-11-09 | 2028-02-18 to 2028-02-21 | 2028-04-07 to 2028-04-10,3,"Inside: ₹140,402, Outside: ₹147,915, Verandah: ₹162,364, Suite: ₹393,545",https://disneycruise.disney.go.com/en-in/cruises-destinations/list/DD1526/3-Night-Bahamian-Cruise-from-Fort-Lauderdale/2026-11-06-Disney-Dream/
DW2213,4-Night Very Merrytime Baja Cruise from San Diego,4,San Diego,MEXICAN RIVIERA,Disney Wonder,2026-11-09 to 2026-11-13,1,"Inside: ₹146,093, Outside: ₹168,441, Verandah: ₹203,118, Suite: ₹502,883",https://disneycruise.disney.go.com/en-in/cruises-destinations/list/DW2213/4-Night-Very-Merrytime-Baja-Cruise-from-San-Diego/2026-11-09-Disney-Wonder/
DA0109,4-Night Langkawi Cruise from Singapore,4,Singapore,SINGAPORE,Disney Adventure,2026-12-31 to 2027-01-04 | 2027-01-21 to 2027-01-25 | 2027-01-28 to 2027-02-01 | 2027-02-11 to 2027-02-15 | 2027-02-18 to 2027-02-22 | 2027-03-04 to 2027-03-08 | 2027-03-11 to 2027-03-15 | 2027-03-18 to 2027-03-22 | 2027-03-25 to 2027-03-29 | 2027-04-08 to 2027-04-12 | 2027-04-29 to 2027-05-03 | 2027-05-06 to 2027-05-10 | 2027-05-13 to 2027-05-17 | 2027-05-20 to 2027-05-24 | 2027-05-27 to 2027-05-31 | 2027-10-07 to 2027-10-11 | 2027-10-14 to 2027-10-18 | 2027-10-21 to 2027-10-25 | 2027-10-28 to 2027-11-01 | 2027-11-04 to 2027-11-08 | 2027-11-11 to 2027-11-15 | 2027-11-18 to 2027-11-22 | 2027-11-25 to 2027-11-29 | 2027-12-02 to 2027-12-06 | 2027-12-09 to 2027-12-13 | 2027-12-16 to 2027-12-20 | 2027-12-23 to 2027-12-27,27,"Inside: ₹249,851, Outside: ₹338,255, Verandah: ₹413,920, Suite: ₹1,566,620",https://disneycruise.disney.go.com/en-in/cruises-destinations/list/DA0109/4-Night-Langkawi-Cruise-from-Singapore/2026-12-31-Disney-Adventure/
DD1529,3-Night Very Merrytime Bahamian Cruise from Fort Lauderdale,3,Fort Lauderdale,BAHAMAS,Disney Dream,2026-11-20 to 2026-11-23 | 2026-11-27 to 2026-11-30 | 2026-12-04 to 2026-12-07 | 2026-12-11 to 2026-12-14 | 2026-12-18 to 2026-12-21 | 2027-11-19 to 2027-11-22 | 2027-12-03 to 2027-12-06 | 2027-12-10 to 2027-12-13 | 2027-12-17 to 2027-12-20,9,"Inside: ₹157,588, Outside: ₹165,680, Verandah: ₹180,707, Suite: ₹430,382",https://disneycruise.disney.go.com/en-in/cruises-destinations/list/DD1529/3-Night-Very-Merrytime-Bahamian-Cruise-from-Fort-Lauderdale/2026-11-20-Disney-Dream/
DW2219,4-Night Very Merrytime Baja Cruise from San Diego,4,San Diego,MEXICAN RIVIERA,Disney Wonder,2026-12-07 to 2026-12-11 | 2026-12-11 to 2026-12-15 | 2026-12-18 to 2026-12-22 | 2027-11-15 to 2027-11-19 | 2027-11-19 to 2027-11-23 | 2027-12-15 to 2027-12-19,6,"Inside: ₹148,863, Outside: ₹162,734, Verandah: ₹208,200",https://disneycruise.disney.go.com/en-in/cruises-destinations/list/DW2219/4-Night-Very-Merrytime-Baja-Cruise-from-San-Diego/2026-12-07-Disney-Wonder/
DW2208,4-Night Halloween on the High Seas Baja Cruise from San Diego,4,San Diego,MEXICAN RIVIERA,Disney Wonder,2026-10-18 to 2026-10-22,1,"Inside: ₹149,175, Outside: ₹171,523, Suite: ₹598,437",https://disneycruise.disney.go.com/en-in/cruises-destinations/list/DW2208/4-Night-Halloween-on-the-High-Seas-Baja-Cruise-from-San-Diego/2026-10-18-Disney-Wonder/
DM1753,3-Night Halloween on the High Seas Baja Cruise from San Diego,3,San Diego,MEXICAN RIVIERA,Disney Magic | Disney Wonder,2026-10-09 to 2026-10-12 | 2026-10-10 to 2026-10-13 | 2026-10-16 to 2026-10-19 | 2027-09-30 to 2027-10-03 | 2027-10-01 to 2027-10-04 | 2027-10-08 to 2027-10-11 | 2027-10-15 to 2027-10-18 | 2027-10-21 to 2027-10-24,8,"Outside: ₹218,144",https://disneycruise.disney.go.com/en-in/cruises-destinations/list/DM1753/3-Night-Halloween-on-the-High-Seas-Baja-Cruise-from-San-Diego/2026-10-09-Disney-Magic/
DW2255,4-Night Pacific Coast Cruise from San Diego ending in Vancouver,4,San Diego,CALIFORNIA COAST,Disney Magic | Disney Wonder,2027-05-06 to 2027-05-10 | 2027-05-09 to 2027-05-13 | 2028-05-04 to 2028-05-08,3,"Inside: ₹166,726, Outside: ₹198,321, Verandah: ₹264,593, Suite: ₹570,522",https://disneycruise.disney.go.com/en-in/cruises-destinations/list/DW2255/4-Night-Pacific-Coast-Cruise-from-San-Diego-ending-in-Vancouver/2027-05-06-Disney-Wonder/
DD1541,3-Night Bahamian Cruise from Fort Lauderdale,3,Fort Lauderdale,BAHAMAS,Disney Destiny | Disney Dream,2027-01-08 to 2027-01-11 | 2027-01-15 to 2027-01-18 | 2027-01-29 to 2027-02-01 | 2027-02-05 to 2027-02-08 | 2027-02-12 to 2027-02-15 | 2027-02-26 to 2027-03-01 | 2027-03-05 to 2027-03-08 | 2027-03-12 to 2027-03-15 | 2027-03-19 to 2027-03-22 | 2027-03-26 to 2027-03-29 | 2027-04-02 to 2027-04-05 | 2027-04-09 to 2027-04-12 | 2027-08-27 to 2027-08-30 | 2028-01-07 to 2028-01-10 | 2028-01-14 to 2028-01-17 | 2028-01-21 to 2028-01-24 | 2028-01-28 to 2028-01-31 | 2028-02-04 to 2028-02-07 | 2028-02-11 to 2028-02-14 | 2028-02-25 to 2028-02-28 | 2028-03-03 to 2028-03-06 | 2028-03-10 to 2028-03-13 | 2028-03-17 to 2028-03-20 | 2028-03-24 to 2028-03-27 | 2028-03-31 to 2028-04-03 | 2028-04-14 to 2028-04-17,26,"Inside: ₹159,983, Outside: ₹170,964, Verandah: ₹185,413, Suite: ₹368,624",https://disneycruise.disney.go.com/en-in/cruises-destinations/list/DD1541/3-Night-Bahamian-Cruise-from-Fort-Lauderdale/2027-01-08-Disney-Dream/
DM1813,4-Night Pacific Coast Cruise from Vancouver ending in San Diego,4,Vancouver,CALIFORNIA COAST,Disney Magic | Disney Wonder,2027-09-16 to 2027-09-20 | 2027-09-20 to 2027-09-24,2,"Inside: ₹175,451, Outside: ₹200,110, Verandah: ₹251,741, Suite: ₹490,628",https://disneycruise.disney.go.com/en-in/cruises-destinations/list/DM1813/4-Night-Pacific-Coast-Cruise-from-Vancouver-ending-in-San-Diego/2027-09-16-Disney-Magic/
DM1761,4-Night Very Merrytime Western Caribbean Cruise from Galveston,4,Galveston,CARIBBEAN,Disney Magic,2026-11-25 to 2026-11-29 | 2026-12-09 to 2026-12-13 | 2026-12-13 to 2026-12-17 | 2027-11-29 to 2027-12-03 | 2027-12-13 to 2027-12-17,5,"Inside: ₹314,597, Outside: ₹481,048, Verandah: ₹491,065, Suite: ₹1,240,092",https://disneycruise.disney.go.com/en-in/cruises-destinations/list/DM1761/4-Night-Very-Merrytime-Western-Caribbean-Cruise-from-Galveston/2026-11-25-Disney-Magic/
DM1756,5-Night Halloween on the High Seas Mexican Riviera Cruise from San Diego,5,San Diego,MEXICAN RIVIERA,Disney Magic | Disney Wonder,2026-10-19 to 2026-10-24 | 2026-10-22 to 2026-10-27 | 2027-10-16 to 2027-10-21 | 2027-10-26 to 2027-10-31,4,"Inside: ₹191,202, Outside: ₹266,336, Verandah: ₹345,323, Suite: ₹622,740",https://disneycruise.disney.go.com/en-in/cruises-destinations/list/DM1756/5-Night-Halloween-on-the-High-Seas-Mexican-Riviera-Cruise-from-San-Diego/2026-10-19-Disney-Magic/
WW0526,3-Night Bahamian Cruise from Port Canaveral,3,Port Canaveral,BAHAMAS,Disney Dream | Disney Fantasy | Disney Wish,2026-11-06 to 2026-11-09 | 2026-12-28 to 2026-12-31 | 2027-01-03 to 2027-01-06 | 2027-01-08 to 2027-01-11 | 2027-01-15 to 2027-01-18 | 2027-01-22 to 2027-01-25 | 2027-01-29 to 2027-02-01 | 2027-02-05 to 2027-02-08 | 2027-02-12 to 2027-02-15 | 2027-02-19 to 2027-02-22 | 2027-02-26 to 2027-03-01 | 2027-03-05 to 2027-03-08 | 2027-03-12 to 2027-03-15 | 2027-03-19 to 2027-03-22 | 2027-03-26 to 2027-03-29 | 2027-04-02 to 2027-04-05 | 2027-04-09 to 2027-04-12 | 2027-04-16 to 2027-04-19 | 2027-04-19 to 2027-04-22 | 2027-04-22 to 2027-04-25 | 2027-04-27 to 2027-04-30 | 2027-04-30 to 2027-05-03 | 2027-05-07 to 2027-05-10 | 2027-05-14 to 2027-05-17 | 2027-05-21 to 2027-05-24 | 2027-05-28 to 2027-05-31 | 2027-06-04 to 2027-06-07 | 2027-06-11 to 2027-06-14 | 2027-06-18 to 2027-06-21 | 2027-07-02 to 2027-07-05 | 2027-07-09 to 2027-07-12 | 2027-07-16 to 2027-07-19 | 2027-07-23 to 2027-07-26 | 2027-07-30 to 2027-08-02 | 2027-08-13 to 2027-08-16 | 2027-08-20 to 2027-08-23 | 2027-08-27 to 2027-08-30 | 2027-09-03 to 2027-09-06 | 2027-11-05 to 2027-11-08 | 2027-11-16 to 2027-11-19 | 2028-01-07 to 2028-01-10 | 2028-01-14 to 2028-01-17 | 2028-01-21 to 2028-01-24 | 2028-02-04 to 2028-02-07 | 2028-02-11 to 2028-02-14 | 2028-02-18 to 2028-02-21 | 2028-02-25 to 2028-02-28 | 2028-03-03 to 2028-03-06 | 2028-03-10 to 2028-03-13 | 2028-03-17 to 2028-03-20 | 2028-03-31 to 2028-04-03 | 2028-04-07 to 2028-04-10 | 2028-04-14 to 2028-04-17 | 2028-04-21 to 2028-04-24 | 2028-04-28 to 2028-05-01 | 2028-05-05 to 2028-05-08,56,"Inside: ₹168,575, Outside: ₹181,290, Verandah: ₹197,473, Suite: ₹513,035",https://disneycruise.disney.go.com/en-in/cruises-destinations/list/WW0526/3-Night-Bahamian-Cruise-from-Port-Canaveral/2026-11-06-Disney-Wish/
DD1523,4-Night Halloween on the High Seas Bahamian Cruise from Fort Lauderdale,4,Fort Lauderdale,BAHAMAS,Disney Destiny | Disney Dream,2026-10-26 to 2026-10-30 | 2027-09-30 to 2027-10-04 | 2027-10-14 to 2027-10-18 | 2027-10-28 to 2027-11-01,4,"Inside: ₹169,726, Outside: ₹177,432, Verandah: ₹192,073, Suite: ₹491,838",https://disneycruise.disney.go.com/en-in/cruises-destinations/list/DD1523/4-Night-Halloween-on-the-High-Seas-Bahamian-Cruise-from-Fort-Lauderdale/2026-10-26-Disney-Dream/
DM1769,4-Night Western Caribbean Cruise from Galveston,4,Galveston,CARIBBEAN,Disney Magic,2027-01-03 to 2027-01-07 | 2027-01-07 to 2027-01-11 | 2027-01-11 to 2027-01-15 | 2027-03-17 to 2027-03-21 | 2027-03-31 to 2027-04-04 | 2027-04-14 to 2027-04-18 | 2027-11-18 to 2027-11-22 | 2028-01-03 to 2028-01-07 | 2028-01-12 to 2028-01-16 | 2028-02-02 to 2028-02-06 | 2028-02-21 to 2028-02-25 | 2028-03-06 to 2028-03-10 | 2028-03-15 to 2028-03-19,13,"Inside: ₹203,062, Outside: ₹229,262, Verandah: ₹274,728, Suite: ₹525,945",https://disneycruise.disney.go.com/en-in/cruises-destinations/list/DM1769/4-Night-Western-Caribbean-Cruise-from-Galveston/2027-01-03-Disney-Magic/
DD1521,4-Night Halloween on the High Seas Bahamian Cruise from Fort Lauderdale,4,Fort Lauderdale,BAHAMAS,Disney Destiny | Disney Dream,2026-10-19 to 2026-10-23 | 2027-09-13 to 2027-09-17,2,"Inside: ₹175,328, Outside: ₹181,493, Verandah: ₹196,905, Suite: ₹510,540",https://disneycruise.disney.go.com/en-in/cruises-destinations/list/DD1521/4-Night-Halloween-on-the-High-Seas-Bahamian-Cruise-from-Fort-Lauderdale/2026-10-19-Disney-Dream/
DD1520,3-Night Halloween on the High Seas Bahamian Cruise from Fort Lauderdale,3,Fort Lauderdale,BAHAMAS,Disney Destiny | Disney Dream,2026-10-16 to 2026-10-19 | 2026-10-23 to 2026-10-26 | 2027-09-10 to 2027-09-13 | 2027-09-17 to 2027-09-20,4,"Inside: ₹177,817, Outside: ₹204,403, Verandah: ₹220,007, Suite: ₹393,393",https://disneycruise.disney.go.com/en-in/cruises-destinations/list/DD1520/3-Night-Halloween-on-the-High-Seas-Bahamian-Cruise-from-Fort-Lauderdale/2026-10-16-Disney-Dream/
WD0080,4-Night Very Merrytime Bahamian Cruise from Fort Lauderdale,4,Fort Lauderdale,BAHAMAS,Disney Destiny | Disney Dream,2026-11-21 to 2026-11-25 | 2026-11-30 to 2026-12-04 | 2026-12-07 to 2026-12-11 | 2026-12-14 to 2026-12-18 | 2026-12-19 to 2026-12-23 | 2027-11-20 to 2027-11-24 | 2027-12-06 to 2027-12-10 | 2027-12-20 to 2027-12-24,8,"Inside: ₹405,353, Outside: ₹358,346, Verandah: ₹393,023",https://disneycruise.disney.go.com/en-in/cruises-destinations/list/WD0080/4-Night-Very-Merrytime-Bahamian-Cruise-from-Fort-Lauderdale/2026-11-21-Disney-Destiny/
DD1527,4-Night Bahamian Cruise from Fort Lauderdale,4,Fort Lauderdale,BAHAMAS,Disney Destiny | Disney Dream | Disney Fantasy,2026-11-09 to 2026-11-13 | 2027-01-18 to 2027-01-22 | 2027-02-15 to 2027-02-19 | 2027-03-01 to 2027-03-05 | 2027-03-15 to 2027-03-19 | 2027-03-29 to 2027-04-02 | 2027-04-15 to 2027-04-19 | 2027-04-29 to 2027-05-03 | 2027-05-13 to 2027-05-17 | 2027-12-30 to 2028-01-03 | 2028-01-03 to 2028-01-07 | 2028-01-08 to 2028-01-12 | 2028-01-10 to 2028-01-14 | 2028-01-17 to 2028-01-21 | 2028-01-22 to 2028-01-26 | 2028-01-24 to 2028-01-28 | 2028-01-31 to 2028-02-04 | 2028-02-19 to 2028-02-23 | 2028-02-21 to 2028-02-25 | 2028-03-20 to 2028-03-24 | 2028-03-27 to 2028-03-31 | 2028-04-10 to 2028-04-14,22,"Inside: ₹180,514, Outside: ₹190,532, Verandah: ₹205,944, Suite: ₹532,680",https://disneycruise.disney.go.com/en-in/cruises-destinations/list/DD1527/4-Night-Bahamian-Cruise-from-Fort-Lauderdale/2026-11-09-Disney-Dream/
DW2217,5-Night Very Merrytime Mexican Riviera Cruise from San Diego,5,San Diego,MEXICAN RIVIERA,Disney Wonder,2026-11-29 to 2026-12-04 | 2027-11-23 to 2027-11-28,2,"Inside: ₹181,570, Outside: ₹203,725, Verandah: ₹248,998",https://disneycruise.disney.go.com/en-in/cruises-destinations/list/DW2217/5-Night-Very-Merrytime-Mexican-Riviera-Cruise-from-San-Diego/2026-11-29-Disney-Wonder/
WW0528,3-Night Very Merrytime Bahamian Cruise from Port Canaveral,3,Port Canaveral,BAHAMAS,Disney Dream | Disney Wish,2026-11-13 to 2026-11-16 | 2026-11-20 to 2026-11-23 | 2026-11-27 to 2026-11-30 | 2026-12-04 to 2026-12-07 | 2026-12-11 to 2026-12-14 | 2026-12-18 to 2026-12-21 | 2027-11-12 to 2027-11-15 | 2027-11-15 to 2027-11-18 | 2027-11-19 to 2027-11-22 | 2027-11-26 to 2027-11-29 | 2027-12-03 to 2027-12-06 | 2027-12-10 to 2027-12-13 | 2027-12-17 to 2027-12-20,13,"Outside: ₹193,427, Verandah: ₹210,188, Suite: ₹518,815",https://disneycruise.disney.go.com/en-in/cruises-destinations/list/WW0528/3-Night-Very-Merrytime-Bahamian-Cruise-from-Port-Canaveral/2026-11-13-Disney-Wish/
DD1525,4-Night Bahamian Cruise from Fort Lauderdale,4,Fort Lauderdale,BAHAMAS,Disney Destiny | Disney Dream | Disney Fantasy,2026-11-02 to 2026-11-06 | 2027-01-11 to 2027-01-15 | 2027-02-01 to 2027-02-05 | 2027-02-08 to 2027-02-12 | 2027-03-08 to 2027-03-12 | 2027-03-22 to 2027-03-26 | 2027-04-05 to 2027-04-09 | 2027-08-23 to 2027-08-27 | 2027-08-30 to 2027-09-03 | 2027-09-06 to 2027-09-10 | 2028-01-12 to 2028-01-16 | 2028-01-26 to 2028-01-30 | 2028-02-23 to 2028-02-27 | 2028-02-28 to 2028-03-03 | 2028-03-13 to 2028-03-17,15,"Inside: ₹182,263, Outside: ₹191,510, Verandah: ₹210,005, Suite: ₹516,705",https://disneycruise.disney.go.com/en-in/cruises-destinations/list/DD1525/4-Night-Bahamian-Cruise-from-Fort-Lauderdale/2026-11-02-Disney-Dream/
DW2281,4-Night Halloween on the High Seas Baja Cruise from San Diego,4,San Diego,MEXICAN RIVIERA,Disney Wonder,2027-10-04 to 2027-10-08 | 2027-10-11 to 2027-10-15 | 2027-10-18 to 2027-10-22 | 2027-10-22 to 2027-10-26 | 2027-10-31 to 2027-11-04,5,"Inside: ₹183,856, Outside: ₹212,369, Verandah: ₹255,523, Suite: ₹501,345",https://disneycruise.disney.go.com/en-in/cruises-destinations/list/DW2281/4-Night-Halloween-on-the-High-Seas-Baja-Cruise-from-San-Diego/2027-10-04-Disney-Wonder/
WW0518,3-Night Halloween on the High Seas Bahamian Cruise from Port Canaveral,3,Port Canaveral,BAHAMAS,Disney Dream | Disney Wish,2026-10-09 to 2026-10-12 | 2026-10-16 to 2026-10-19 | 2026-10-23 to 2026-10-26 | 2026-10-30 to 2026-11-02 | 2027-09-10 to 2027-09-13 | 2027-09-17 to 2027-09-20 | 2027-09-24 to 2027-09-27 | 2027-10-01 to 2027-10-04 | 2027-10-08 to 2027-10-11 | 2027-10-15 to 2027-10-18 | 2027-10-22 to 2027-10-25 | 2027-10-29 to 2027-11-01,12,"Outside: ₹324,045",https://disneycruise.disney.go.com/en-in/cruises-destinations/list/WW0518/3-Night-Halloween-on-the-High-Seas-Bahamian-Cruise-from-Port-Canaveral/2026-10-09-Disney-Wish/
DW2215,6-Night Very Merrytime Mexican Riviera Cruise from San Diego,6,San Diego,MEXICAN RIVIERA,Disney Wonder,2026-11-16 to 2026-11-22,1,"Inside: ₹191,973, Outside: ₹226,650, Verandah: ₹279,822, Suite: ₹707,507",https://disneycruise.disney.go.com/en-in/cruises-destinations/list/DW2215/6-Night-Very-Merrytime-Mexican-Riviera-Cruise-from-San-Diego/2026-11-16-Disney-Wonder/
DM1760,5-Night Very Merrytime Western Caribbean Cruise from Galveston,5,Galveston,CARIBBEAN,Disney Magic,2026-11-20 to 2026-11-25 | 2026-11-29 to 2026-12-04 | 2026-12-04 to 2026-12-09 | 2026-12-17 to 2026-12-22 | 2026-12-22 to 2026-12-27 | 2027-12-03 to 2027-12-08 | 2027-12-08 to 2027-12-13 | 2027-12-17 to 2027-12-22 | 2027-12-22 to 2027-12-27,9,"Inside: ₹347,760, Outside: ₹421,931, Verandah: ₹564,492, Suite: ₹1,364,957",https://disneycruise.disney.go.com/en-in/cruises-destinations/list/DM1760/5-Night-Very-Merrytime-Western-Caribbean-Cruise-from-Galveston/2026-11-20-Disney-Magic/
DM1757,6-Night Halloween on the High Seas Mexican Riviera Cruise from San Diego,6,San Diego,MEXICAN RIVIERA,Disney Magic | Disney Wonder,2026-10-24 to 2026-10-30 | 2026-10-27 to 2026-11-02 | 2027-10-10 to 2027-10-16 | 2027-10-29 to 2027-11-04,4,"Inside: ₹235,897, Outside: ₹231,274, Verandah: ₹285,601, Suite: ₹630,061",https://disneycruise.disney.go.com/en-in/cruises-destinations/list/DM1757/6-Night-Halloween-on-the-High-Seas-Mexican-Riviera-Cruise-from-San-Diego/2026-10-24-Disney-Magic/
DD1524,3-Night Halloween on the High Seas Bahamian Cruise from Fort Lauderdale,3,Fort Lauderdale,BAHAMAS,Disney Dream,2026-10-30 to 2026-11-02,1,"Outside: ₹199,931, Verandah: ₹205,133, Suite: ₹396,435",https://disneycruise.disney.go.com/en-in/cruises-destinations/list/DD1524/3-Night-Halloween-on-the-High-Seas-Bahamian-Cruise-from-Fort-Lauderdale/2026-10-30-Disney-Dream/
DF0849,3-Night Bahamian Cruise from Port Canaveral,3,Port Canaveral,BAHAMAS,Disney Dream | Disney Fantasy | Disney Wish,2026-12-27 to 2026-12-30 | 2027-06-25 to 2027-06-28 | 2027-08-06 to 2027-08-09 | 2027-12-31 to 2028-01-03 | 2028-01-28 to 2028-01-31 | 2028-03-24 to 2028-03-27,6,"Inside: ₹336,159, Outside: ₹345,984, Verandah: ₹362,744, Suite: ₹759,220",https://disneycruise.disney.go.com/en-in/cruises-destinations/list/DF0849/3-Night-Bahamian-Cruise-from-Port-Canaveral/2026-12-27-Disney-Fantasy/
WW0525,4-Night Bahamian Cruise from Port Canaveral,4,Port Canaveral,BAHAMAS,Disney Destiny | Disney Dream | Disney Wish,2026-11-02 to 2026-11-06 | 2027-01-11 to 2027-01-15 | 2027-01-25 to 2027-01-29 | 2027-02-08 to 2027-02-12 | 2027-02-22 to 2027-02-26 | 2027-03-08 to 2027-03-12 | 2027-03-22 to 2027-03-26 | 2027-04-05 to 2027-04-09 | 2027-04-12 to 2027-04-16 | 2027-05-03 to 2027-05-07 | 2027-05-17 to 2027-05-21 | 2027-05-31 to 2027-06-04 | 2027-06-14 to 2027-06-18 | 2027-06-28 to 2027-07-02 | 2027-07-12 to 2027-07-16 | 2027-07-26 to 2027-07-30 | 2027-08-09 to 2027-08-13 | 2027-08-23 to 2027-08-27 | 2028-01-03 to 2028-01-07 | 2028-01-10 to 2028-01-14 | 2028-01-17 to 2028-01-21 | 2028-01-19 to 2028-01-23 | 2028-01-24 to 2028-01-28 | 2028-02-02 to 2028-02-06 | 2028-02-16 to 2028-02-20 | 2028-02-21 to 2028-02-25 | 2028-02-28 to 2028-03-03 | 2028-03-01 to 2028-03-05 | 2028-03-13 to 2028-03-17 | 2028-03-15 to 2028-03-19 | 2028-03-20 to 2028-03-24 | 2028-03-29 to 2028-04-02 | 2028-04-10 to 2028-04-14 | 2028-04-12 to 2028-04-16 | 2028-04-26 to 2028-04-30 | 2028-05-01 to 2028-05-05,36,"Inside: ₹201,124, Outside: ₹212,683, Verandah: ₹235,801, Suite: ₹638,056",https://disneycruise.disney.go.com/en-in/cruises-destinations/list/WW0525/4-Night-Bahamian-Cruise-from-Port-Canaveral/2026-11-02-Disney-Wish/
WW0519,4-Night Halloween on the High Seas Bahamian Cruise from Port Canaveral,4,Port Canaveral,BAHAMAS,Disney Dream | Disney Fantasy | Disney Wish,2026-10-12 to 2026-10-16 | 2026-10-14 to 2026-10-18 | 2026-10-26 to 2026-10-30 | 2026-10-28 to 2026-11-01 | 2027-09-13 to 2027-09-17 | 2027-09-15 to 2027-09-19 | 2027-09-20 to 2027-09-24 | 2027-09-27 to 2027-10-01 | 2027-09-29 to 2027-10-03 | 2027-10-04 to 2027-10-08 | 2027-10-11 to 2027-10-15 | 2027-10-13 to 2027-10-17 | 2027-10-18 to 2027-10-22 | 2027-10-25 to 2027-10-29 | 2027-10-27 to 2027-10-31,15,"Inside: ₹315,915, Outside: ₹364,463, Verandah: ₹435,358, Suite: ₹1,498,792",https://disneycruise.disney.go.com/en-in/cruises-destinations/list/WW0519/4-Night-Halloween-on-the-High-Seas-Bahamian-Cruise-from-Port-Canaveral/2026-10-12-Disney-Wish/
DM1773,4-Night Western Caribbean Cruise from Galveston with Marvel Days at Sea,4,Galveston,CARIBBEAN,Disney Magic,2027-01-20 to 2027-01-24 | 2027-02-17 to 2027-02-21 | 2027-03-03 to 2027-03-07,3,"Inside: ₹203,062, Outside: ₹230,804, Verandah: ₹298,617, Suite: ₹515,156",https://disneycruise.disney.go.com/en-in/cruises-destinations/list/DM1773/4-Night-Western-Caribbean-Cruise-from-Galveston-with-Marvel-Days-at-Sea/2027-01-20-Disney-Magic/
WD0089,4-Night Bahamian Cruise from Fort Lauderdale,4,Fort Lauderdale,BAHAMAS,Disney Destiny | Disney Dream,2027-01-07 to 2027-01-11 | 2027-01-21 to 2027-01-25 | 2027-02-18 to 2027-02-22 | 2027-03-04 to 2027-03-08 | 2027-03-18 to 2027-03-22 | 2027-04-01 to 2027-04-05 | 2027-05-27 to 2027-05-31 | 2027-06-10 to 2027-06-14 | 2027-07-08 to 2027-07-12 | 2027-07-22 to 2027-07-26 | 2027-08-19 to 2027-08-23 | 2028-02-07 to 2028-02-11 | 2028-02-14 to 2028-02-18 | 2028-03-06 to 2028-03-10 | 2028-04-03 to 2028-04-07 | 2028-04-17 to 2028-04-21,16,"Inside: ₹246,065, Outside: ₹273,807, Verandah: ₹306,172, Suite: ₹622,891",https://disneycruise.disney.go.com/en-in/cruises-destinations/list/WD0089/4-Night-Bahamian-Cruise-from-Fort-Lauderdale/2027-01-07-Disney-Destiny/
WW0527,4-Night Very Merrytime Bahamian Cruise from Port Canaveral,4,Port Canaveral,BAHAMAS,Disney Destiny | Disney Dream | Disney Fantasy | Disney Wish,2026-11-09 to 2026-11-13 | 2026-11-11 to 2026-11-15 | 2026-11-23 to 2026-11-27 | 2026-11-25 to 2026-11-29 | 2026-12-07 to 2026-12-11 | 2026-12-09 to 2026-12-13 | 2026-12-23 to 2026-12-27 | 2027-11-08 to 2027-11-12 | 2027-11-10 to 2027-11-14 | 2027-11-22 to 2027-11-26 | 2027-11-24 to 2027-11-28 | 2027-12-06 to 2027-12-10 | 2027-12-08 to 2027-12-12 | 2027-12-20 to 2027-12-24,14,"Inside: ₹240,396, Outside: ₹265,055, Verandah: ₹285,091, Suite: ₹936,251",https://disneycruise.disney.go.com/en-in/cruises-destinations/list/WW0527/4-Night-Very-Merrytime-Bahamian-Cruise-from-Port-Canaveral/2026-11-09-Disney-Wish/
WW0529,4-Night Very Merrytime Bahamian Cruise from Port Canaveral,4,Port Canaveral,BAHAMAS,Disney Wish,2026-11-16 to 2026-11-20 | 2026-11-30 to 2026-12-04 | 2026-12-14 to 2026-12-18 | 2027-12-13 to 2027-12-17,4,"Inside: ₹213,453, Outside: ₹228,866, Verandah: ₹250,442, Suite: ₹684,292",https://disneycruise.disney.go.com/en-in/cruises-destinations/list/WW0529/4-Night-Very-Merrytime-Bahamian-Cruise-from-Port-Canaveral/2026-11-16-Disney-Wish/
DW2224,5-Night Baja Cruise from San Diego,5,San Diego,MEXICAN RIVIERA,Disney Magic | Disney Wonder,2026-12-29 to 2027-01-03 | 2027-04-14 to 2027-04-19 | 2027-09-20 to 2027-09-25 | 2028-01-02 to 2028-01-07,4,"Inside: ₹418,960, Outside: ₹495,057, Verandah: ₹605,831",https://disneycruise.disney.go.com/en-in/cruises-destinations/list/DW2224/5-Night-Baja-Cruise-from-San-Diego/2026-12-29-Disney-Wonder/
WD0075,4-Night Halloween on the High Seas Bahamian Cruise from Fort Lauderdale,4,Fort Lauderdale,BAHAMAS,Disney Destiny,2026-10-29 to 2026-11-02,1,"Inside: ₹214,397, Verandah: ₹246,763, Suite: ₹618,964",https://disneycruise.disney.go.com/en-in/cruises-destinations/list/WD0075/4-Night-Halloween-on-the-High-Seas-Bahamian-Cruise-from-Fort-Lauderdale/2026-10-29-Disney-Destiny/
DW2296,5-Night Very Merrytime Baja Cruise from San Diego,5,San Diego,MEXICAN RIVIERA,Disney Wonder,2027-12-05 to 2027-12-10 | 2027-12-10 to 2027-12-15,2,"Inside: ₹217,570, Outside: ₹257,064, Verandah: ₹311,969, Suite: ₹621,174",https://disneycruise.disney.go.com/en-in/cruises-destinations/list/DW2296/5-Night-Very-Merrytime-Baja-Cruise-from-San-Diego/2027-12-05-Disney-Wonder/
DM1772,5-Night Western Caribbean Cruise from Galveston,5,Galveston,CARIBBEAN,Disney Magic,2027-01-15 to 2027-01-20 | 2027-03-12 to 2027-03-17 | 2027-03-21 to 2027-03-26 | 2027-03-26 to 2027-03-31 | 2027-04-04 to 2027-04-09 | 2027-04-09 to 2027-04-14 | 2028-01-07 to 2028-01-12 | 2028-01-28 to 2028-02-02 | 2028-02-06 to 2028-02-11 | 2028-02-11 to 2028-02-16 | 2028-02-16 to 2028-02-21 | 2028-02-25 to 2028-03-01 | 2028-03-01 to 2028-03-06 | 2028-03-10 to 2028-03-15,14,"Inside: ₹223,610, Outside: ₹256,361, Verandah: ₹293,928",https://disneycruise.disney.go.com/en-in/cruises-destinations/list/DM1772/5-Night-Western-Caribbean-Cruise-from-Galveston/2027-01-15-Disney-Magic/
DF0852,4-Night Bahamian Cruise from Port Canaveral,4,Port Canaveral,BAHAMAS,Disney Fantasy | Disney Wish,2027-01-06 to 2027-01-10 | 2027-01-20 to 2027-01-24 | 2027-02-03 to 2027-02-07 | 2027-05-12 to 2027-05-16 | 2027-05-26 to 2027-05-30 | 2027-06-09 to 2027-06-13 | 2027-06-23 to 2027-06-27 | 2027-07-07 to 2027-07-11 | 2027-07-21 to 2027-07-25 | 2027-08-18 to 2027-08-22 | 2027-09-01 to 2027-09-05 | 2027-12-27 to 2027-12-31 | 2028-01-31 to 2028-02-04 | 2028-03-27 to 2028-03-31 | 2028-04-24 to 2028-04-28,15,"Inside: ₹226,209, Outside: ₹241,621, Verandah: ₹273,216, Suite: ₹521,350",https://disneycruise.disney.go.com/en-in/cruises-destinations/list/DF0852/4-Night-Bahamian-Cruise-from-Port-Canaveral/2027-01-06-Disney-Fantasy/
DW2227,5-Night Mexican Riviera Cruise from San Diego,5,San Diego,MEXICAN RIVIERA,Disney Wonder,2027-01-10 to 2027-01-15 | 2027-04-02 to 2027-04-07,2,"Inside: ₹219,990, Outside: ₹255,630, Verandah: ₹308,610, Suite: ₹594,696",https://disneycruise.disney.go.com/en-in/cruises-destinations/list/DW2227/5-Night-Mexican-Riviera-Cruise-from-San-Diego/2027-01-10-Disney-Wonder/
DM1776,5-Night Western Caribbean Cruise from Galveston with Marvel Days at Sea,5,Galveston,CARIBBEAN,Disney Magic,2027-02-07 to 2027-02-12 | 2027-02-12 to 2027-02-17 | 2027-02-21 to 2027-02-26 | 2027-02-26 to 2027-03-03 | 2027-03-07 to 2027-03-12,5,"Inside: ₹260,214, Outside: ₹301,634, Verandah: ₹350,760, Suite: ₹757,253",https://disneycruise.disney.go.com/en-in/cruises-destinations/list/DM1776/5-Night-Western-Caribbean-Cruise-from-Galveston-with-Marvel-Days-at-Sea/2027-02-07-Disney-Magic/
DM1815,5-Night Halloween on the High Seas Baja Cruise from San Diego,5,San Diego,MEXICAN RIVIERA,Disney Magic,2027-09-25 to 2027-09-30,1,"Inside: ₹223,625, Outside: ₹258,303, Verandah: ₹320,914, Suite: ₹600,258",https://disneycruise.disney.go.com/en-in/cruises-destinations/list/DM1815/5-Night-Halloween-on-the-High-Seas-Baja-Cruise-from-San-Diego/2027-09-25-Disney-Magic/
WW0521,4-Night Halloween on the High Seas Bahamian Cruise from Port Canaveral,4,Port Canaveral,BAHAMAS,Disney Dream | Disney Wish,2026-10-19 to 2026-10-23 | 2027-09-06 to 2027-09-10,2,"Inside: ₹245,048, Outside: ₹266,625, Verandah: ₹238,113, Suite: ₹608,003",https://disneycruise.disney.go.com/en-in/cruises-destinations/list/WW0521/4-Night-Halloween-on-the-High-Seas-Bahamian-Cruise-from-Port-Canaveral/2026-10-19-Disney-Wish/
WW0539,3-Night Very Merrytime Bahamian Cruise from Port Canaveral,3,Port Canaveral,BAHAMAS,Disney Destiny | Disney Wish,2026-12-21 to 2026-12-24 | 2027-11-30 to 2027-12-03 | 2027-12-24 to 2027-12-27,3,"Inside: ₹239,908, Outside: ₹249,156, Verandah: ₹263,026, Suite: ₹661,236",https://disneycruise.disney.go.com/en-in/cruises-destinations/list/WW0539/3-Night-Very-Merrytime-Bahamian-Cruise-from-Port-Canaveral/2026-12-21-Disney-Wish/
DM1836,5-Night Western Caribbean Cruise from Galveston,5,Galveston,CARIBBEAN,Disney Magic,2028-01-16 to 2028-01-21,1,"Inside: ₹228,605, Outside: ₹264,246, Verandah: ₹316,262, Suite: ₹637,989",https://disneycruise.disney.go.com/en-in/cruises-destinations/list/DM1836/5-Night-Western-Caribbean-Cruise-from-Galveston/2028-01-16-Disney-Magic/
DF0834,5-Night Halloween on the High Seas Bahamian Cruise from Port Canaveral,5,Port Canaveral,BAHAMAS,Disney Fantasy,2026-10-18 to 2026-10-23 | 2026-10-23 to 2026-10-28 | 2027-09-19 to 2027-09-24 | 2027-09-24 to 2027-09-29 | 2027-10-03 to 2027-10-08 | 2027-10-08 to 2027-10-13 | 2027-10-17 to 2027-10-22 | 2027-10-22 to 2027-10-27 | 2027-10-31 to 2027-11-05,9,"Inside: ₹235,044, Outside: ₹244,676, Verandah: ₹343,892, Suite: ₹706,075",https://disneycruise.disney.go.com/en-in/cruises-destinations/list/DF0834/5-Night-Halloween-on-the-High-Seas-Bahamian-Cruise-from-Port-Canaveral/2026-10-18-Disney-Fantasy/
DF0837,5-Night Bahamian Cruise from Port Canaveral,5,Port Canaveral,BAHAMAS,Disney Destiny | Disney Fantasy,2026-11-01 to 2026-11-06 | 2026-11-06 to 2026-11-11 | 2027-01-10 to 2027-01-15 | 2027-02-26 to 2027-03-03 | 2027-03-07 to 2027-03-12 | 2027-03-12 to 2027-03-17 | 2027-03-21 to 2027-03-26 | 2027-05-02 to 2027-05-07 | 2027-05-07 to 2027-05-12 | 2027-05-16 to 2027-05-21 | 2027-05-21 to 2027-05-26 | 2027-05-30 to 2027-06-04 | 2027-06-04 to 2027-06-09 | 2027-06-13 to 2027-06-18 | 2027-07-02 to 2027-07-07 | 2027-08-08 to 2027-08-13 | 2027-08-22 to 2027-08-27 | 2027-09-05 to 2027-09-10 | 2027-12-29 to 2028-01-03 | 2028-01-03 to 2028-01-08 | 2028-01-14 to 2028-01-19 | 2028-01-23 to 2028-01-28 | 2028-01-28 to 2028-02-02 | 2028-02-06 to 2028-02-11 | 2028-02-11 to 2028-02-16 | 2028-02-20 to 2028-02-25 | 2028-02-25 to 2028-03-01 | 2028-03-05 to 2028-03-10 | 2028-03-10 to 2028-03-15 | 2028-03-19 to 2028-03-24 | 2028-03-24 to 2028-03-29 | 2028-04-02 to 2028-04-07 | 2028-04-07 to 2028-04-12 | 2028-04-16 to 2028-04-21 | 2028-04-21 to 2028-04-26 | 2028-04-30 to 2028-05-05,36,"Inside: ₹235,044, Outside: ₹244,676, Verandah: ₹266,831, Suite: ₹715,708",https://disneycruise.disney.go.com/en-in/cruises-destinations/list/DF0837/5-Night-Bahamian-Cruise-from-Port-Canaveral/2026-11-01-Disney-Fantasy/
WD0138,3-Night Bahamian Cruise from Fort Lauderdale,3,Fort Lauderdale,BAHAMAS,Disney Destiny,2027-09-03 to 2027-09-06,1,"Inside: ₹237,498, Outside: ₹255,993, Verandah: ₹271,597, Suite: ₹580,802",https://disneycruise.disney.go.com/en-in/cruises-destinations/list/WD0138/3-Night-Bahamian-Cruise-from-Fort-Lauderdale/2027-09-03-Disney-Destiny/
WD0078,4-Night Very Merrytime Bahamian Cruise from Fort Lauderdale,4,Fort Lauderdale,BAHAMAS,Disney Destiny,2026-11-12 to 2026-11-16,1,"Inside: ₹240,598, Outside: ₹258,322, Verandah: ₹282,211, Suite: ₹847,063",https://disneycruise.disney.go.com/en-in/cruises-destinations/list/WD0078/4-Night-Very-Merrytime-Bahamian-Cruise-from-Fort-Lauderdale/2026-11-12-Disney-Destiny/
DD1530,4-Night Very Merrytime Bahamian Cruise from Fort Lauderdale,4,Fort Lauderdale,BAHAMAS,Disney Destiny | Disney Dream | Disney Fantasy,2026-11-23 to 2026-11-27 | 2027-11-11 to 2027-11-15 | 2027-12-13 to 2027-12-17 | 2027-12-15 to 2027-12-19,4,"Inside: ₹241,392, Outside: ₹252,951, Verandah: ₹363,147, Suite: ₹2,133,995",https://disneycruise.disney.go.com/en-in/cruises-destinations/list/DD1530/4-Night-Very-Merrytime-Bahamian-Cruise-from-Fort-Lauderdale/2026-11-23-Disney-Dream/
WD0077,5-Night Western Caribbean Cruise from Fort Lauderdale,5,Fort Lauderdale,CARIBBEAN,Disney Destiny | Disney Dream,2026-11-07 to 2026-11-12 | 2027-01-02 to 2027-01-07 | 2027-01-16 to 2027-01-21 | 2027-02-13 to 2027-02-18 | 2027-02-27 to 2027-03-04 | 2027-03-13 to 2027-03-18 | 2027-03-27 to 2027-04-01 | 2027-04-10 to 2027-04-15 | 2027-04-24 to 2027-04-29 | 2027-05-08 to 2027-05-13 | 2027-05-22 to 2027-05-27 | 2027-06-05 to 2027-06-10 | 2027-07-03 to 2027-07-08 | 2027-07-17 to 2027-07-22 | 2027-08-14 to 2027-08-19 | 2028-04-21 to 2028-04-26,16,"Outside: ₹252,619, Verandah: ₹280,554, Suite: ₹714,982",https://disneycruise.disney.go.com/en-in/cruises-destinations/list/WD0077/5-Night-Western-Caribbean-Cruise-from-Fort-Lauderdale/2026-11-07-Disney-Destiny/
DM1758,7-Night Halloween on the High Seas Mexican Riviera Cruise from San Diego,7,San Diego,MEXICAN RIVIERA,Disney Magic,2026-10-30 to 2026-11-06 | 2027-10-03 to 2027-10-10,2,"Inside: ₹243,414, Outside: ₹289,265, Verandah: ₹359,390, Suite: ₹854,311",https://disneycruise.disney.go.com/en-in/cruises-destinations/list/DM1758/7-Night-Halloween-on-the-High-Seas-Mexican-Riviera-Cruise-from-San-Diego/2026-10-30-Disney-Magic/
WD0074,5-Night Halloween on the High Seas Western Caribbean Cruise from Fort Lauderdale,5,Fort Lauderdale,CARIBBEAN,Disney Destiny,2026-10-24 to 2026-10-29 | 2027-09-25 to 2027-09-30 | 2027-10-09 to 2027-10-14 | 2027-10-23 to 2027-10-28,4,"Inside: ₹243,950, Outside: ₹268,031, Verandah: ₹294,039, Suite: ₹755,438",https://disneycruise.disney.go.com/en-in/cruises-destinations/list/WD0074/5-Night-Halloween-on-the-High-Seas-Western-Caribbean-Cruise-from-Fort-Lauderdale/2026-10-24-Disney-Destiny/
DF0850,4-Night Bahamian Cruise from Port Canaveral,4,Port Canaveral,BAHAMAS,Disney Dream | Disney Fantasy | Disney Wish,2026-12-30 to 2027-01-03 | 2026-12-31 to 2027-01-04 | 2027-01-04 to 2027-01-08 | 2027-01-18 to 2027-01-22 | 2027-02-01 to 2027-02-05 | 2027-02-15 to 2027-02-19 | 2027-02-17 to 2027-02-21 | 2027-03-01 to 2027-03-05 | 2027-03-03 to 2027-03-07 | 2027-03-15 to 2027-03-19 | 2027-03-17 to 2027-03-21 | 2027-03-29 to 2027-04-02 | 2027-03-31 to 2027-04-04 | 2027-04-14 to 2027-04-18 | 2027-04-28 to 2027-05-02 | 2027-05-10 to 2027-05-14 | 2027-05-24 to 2027-05-28 | 2027-06-07 to 2027-06-11 | 2027-06-21 to 2027-06-25 | 2027-07-05 to 2027-07-09 | 2027-07-19 to 2027-07-23 | 2027-08-02 to 2027-08-06 | 2027-08-04 to 2027-08-08 | 2027-08-16 to 2027-08-20 | 2027-08-30 to 2027-09-03 | 2027-11-01 to 2027-11-05 | 2028-02-07 to 2028-02-11 | 2028-02-14 to 2028-02-18 | 2028-03-06 to 2028-03-10 | 2028-04-03 to 2028-04-07 | 2028-04-17 to 2028-04-21,31,"Inside: ₹515,985, Outside: ₹545,268, Verandah: ₹588,422, Suite: ₹1,738,162",https://disneycruise.disney.go.com/en-in/cruises-destinations/list/DF0850/4-Night-Bahamian-Cruise-from-Port-Canaveral/2026-12-30-Disney-Fantasy/
DD1566,4-Night Eastern Caribbean Cruise from Fort Lauderdale ending in San Juan,4,Fort Lauderdale,CARIBBEAN,Disney Dream,2027-04-12 to 2027-04-16,1,"Inside: ₹248,913, Outside: ₹267,407, Verandah: ₹284,361, Suite: ₹487,029",https://disneycruise.disney.go.com/en-in/cruises-destinations/list/DD1566/4-Night-Eastern-Caribbean-Cruise-from-Fort-Lauderdale-ending-in-San-Juan/2027-04-12-Disney-Dream/
DW2254,6-Night Mexican Riviera Cruise from San Diego,6,San Diego,MEXICAN RIVIERA,Disney Wonder,2027-04-30 to 2027-05-06 | 2028-04-28 to 2028-05-04,2,"Inside: ₹253,881, Outside: ₹302,429, Verandah: ₹376,407, Suite: ₹689,658",https://disneycruise.disney.go.com/en-in/cruises-destinations/list/DW2254/6-Night-Mexican-Riviera-Cruise-from-San-Diego/2027-04-30-Disney-Wonder/
DD1568,4-Night Eastern Caribbean Cruise from San Juan ending in Port Canaveral,4,San Juan,CARIBBEAN,Disney Dream | Disney Wish,2027-04-23 to 2027-04-27 | 2027-11-12 to 2027-11-16,2,"Outside: ₹317,649, Verandah: ₹338,455, Suite: ₹1,446,583",https://disneycruise.disney.go.com/en-in/cruises-destinations/list/DD1568/4-Night-Eastern-Caribbean-Cruise-from-San-Juan-ending-in-Port-Canaveral/2027-04-23-Disney-Dream/
DF0841,5-Night Very Merrytime Western Caribbean Cruise from Port Canaveral,5,Port Canaveral,CARIBBEAN,Disney Destiny | Disney Fantasy,2026-11-20 to 2026-11-25 | 2026-12-04 to 2026-12-09 | 2026-12-18 to 2026-12-23 | 2027-11-19 to 2027-11-24 | 2027-12-03 to 2027-12-08 | 2027-12-17 to 2027-12-22,6,"Inside: ₹305,365, Outside: ₹316,924, Verandah: ₹338,116, Suite: ₹987,350",https://disneycruise.disney.go.com/en-in/cruises-destinations/list/DF0841/5-Night-Very-Merrytime-Western-Caribbean-Cruise-from-Port-Canaveral/2026-11-20-Disney-Fantasy/
DF0840,5-Night Very Merrytime Bahamian Cruise from Port Canaveral,5,Port Canaveral,BAHAMAS,Disney Destiny | Disney Fantasy,2026-11-15 to 2026-11-20 | 2026-11-29 to 2026-12-04 | 2026-12-13 to 2026-12-18 | 2027-12-12 to 2027-12-17,4,"Inside: ₹262,015, Outside: ₹270,684, Verandah: ₹293,802, Suite: ₹830,335",https://disneycruise.disney.go.com/en-in/cruises-destinations/list/DF0840/5-Night-Very-Merrytime-Bahamian-Cruise-from-Port-Canaveral/2026-11-15-Disney-Fantasy/
DF0924,5-Night Very Merrytime Eastern Caribbean Cruise from Port Canaveral ending San Juan,5,Port Canaveral,CARIBBEAN,Disney Fantasy,2027-11-28 to 2027-12-03,1,"Inside: ₹260,454, Outside: ₹276,830, Verandah: ₹305,727, Suite: ₹639,014",https://disneycruise.disney.go.com/en-in/cruises-destinations/list/DF0924/5-Night-Very-Merrytime-Eastern-Caribbean-Cruise-from-Port-Canaveral-ending-San-Juan/2027-11-28-Disney-Fantasy/
DF0926,5-Night Very Merrytime Eastern Caribbean Cruise from San Juan ending in Fort Lauderdale,5,San Juan,CARIBBEAN,Disney Fantasy,2027-12-10 to 2027-12-15,1,"Inside: ₹261,622, Outside: ₹277,997, Verandah: ₹306,895, Suite: ₹637,291",https://disneycruise.disney.go.com/en-in/cruises-destinations/list/DF0926/5-Night-Very-Merrytime-Eastern-Caribbean-Cruise-from-San-Juan-ending-in-Fort-Lauderdale/2027-12-10-Disney-Fantasy/
WD0076,5-Night Bahamian Cruise from Fort Lauderdale,5,Fort Lauderdale,BAHAMAS,Disney Destiny | Disney Dream,2026-11-02 to 2026-11-07 | 2027-01-03 to 2027-01-08 | 2027-01-11 to 2027-01-16 | 2027-01-25 to 2027-01-30 | 2027-02-22 to 2027-02-27 | 2027-03-08 to 2027-03-13 | 2027-03-22 to 2027-03-27 | 2027-04-05 to 2027-04-10 | 2027-05-03 to 2027-05-08 | 2027-05-17 to 2027-05-22 | 2027-05-31 to 2027-06-05 | 2027-06-14 to 2027-06-19 | 2027-07-12 to 2027-07-17 | 2027-11-01 to 2027-11-06 | 2027-11-06 to 2027-11-11,15,"Inside: ₹264,385, Outside: ₹281,723, Verandah: ₹319,290, Suite: ₹809,587",https://disneycruise.disney.go.com/en-in/cruises-destinations/list/WD0076/5-Night-Bahamian-Cruise-from-Fort-Lauderdale/2026-11-02-Disney-Destiny/
WD0079,5-Night Very Merrytime Bahamian Cruise from Fort Lauderdale,5,Fort Lauderdale,BAHAMAS,Disney Destiny | Disney Dream,2026-11-16 to 2026-11-21 | 2026-11-30 to 2026-12-05 | 2027-11-15 to 2027-11-20 | 2027-11-28 to 2027-12-03,4,"Inside: ₹276,907, Outside: ₹309,658, Verandah: ₹353,967, Suite: ₹2,446,157",https://disneycruise.disney.go.com/en-in/cruises-destinations/list/WD0079/5-Night-Very-Merrytime-Bahamian-Cruise-from-Fort-Lauderdale/2026-11-16-Disney-Destiny/
DF0890,5-Night Western Caribbean Cruise from Port Canaveral,5,Port Canaveral,CARIBBEAN,Disney Fantasy,2027-06-18 to 2027-06-23 | 2027-07-30 to 2027-08-04 | 2027-08-27 to 2027-09-01 | 2027-09-10 to 2027-09-15 | 2027-11-05 to 2027-11-10,5,"Inside: ₹422,670, Outside: ₹450,605, Verandah: ₹479,502, Suite: ₹940,902",https://disneycruise.disney.go.com/en-in/cruises-destinations/list/DF0890/5-Night-Western-Caribbean-Cruise-from-Port-Canaveral/2027-06-18-Disney-Fantasy/
DF0857,5-Night Western Caribbean from Port Canaveral with Pixar Days at Sea,5,Port Canaveral,CARIBBEAN,Disney Fantasy,2027-01-29 to 2027-02-03,1,"Inside: ₹288,905, Outside: ₹306,244, Verandah: ₹337,068, Suite: ₹661,685",https://disneycruise.disney.go.com/en-in/cruises-destinations/list/DF0857/5-Night-Western-Caribbean-from-Port-Canaveral-with-Pixar-Days-at-Sea/2027-01-29-Disney-Fantasy/
DD1639,3-Night Bahamian Cruise from Fort Lauderdale,3,Fort Lauderdale,BAHAMAS,Disney Dream,2027-12-27 to 2027-12-30,1,"Inside: ₹291,639, Outside: ₹304,354, Verandah: ₹323,426, Suite: ₹667,308",https://disneycruise.disney.go.com/en-in/cruises-destinations/list/DD1639/3-Night-Bahamian-Cruise-from-Fort-Lauderdale/2027-12-27-Disney-Dream/
DM1832,7-Night Bahamian Cruise from Galveston,7,Galveston,BAHAMAS,Disney Magic,2027-12-27 to 2028-01-03 | 2028-01-21 to 2028-01-28,2,"Inside: ₹550,126, Outside: ₹644,525, Verandah: ₹833,323, Suite: ₹1,786,753",https://disneycruise.disney.go.com/en-in/cruises-destinations/list/DM1832/7-Night-Bahamian-Cruise-from-Galveston/2027-12-27-Disney-Magic/
DW2279,7-Night Mexican Riviera Cruise from San Diego,7,San Diego,MEXICAN RIVIERA,Disney Wonder,2027-09-24 to 2027-10-01,1,"Inside: ₹298,806, Outside: ₹366,233, Verandah: ₹457,935, Suite: ₹882,731",https://disneycruise.disney.go.com/en-in/cruises-destinations/list/DW2279/7-Night-Mexican-Riviera-Cruise-from-San-Diego/2027-09-24-Disney-Wonder/
DW2234,7-Night Mexican Riviera Cruise from San Diego,7,San Diego,MEXICAN RIVIERA,Disney Wonder,2027-02-05 to 2027-02-12 | 2027-03-12 to 2027-03-19 | 2027-04-23 to 2027-04-30 | 2028-01-17 to 2028-01-24 | 2028-02-14 to 2028-02-21 | 2028-03-06 to 2028-03-13,6,"Inside: ₹299,351, Outside: ₹357,339, Verandah: ₹446,343, Suite: ₹810,454",https://disneycruise.disney.go.com/en-in/cruises-destinations/list/DW2234/7-Night-Mexican-Riviera-Cruise-from-San-Diego/2027-02-05-Disney-Wonder/
WW0610,4-Night Very Merrytime Bahamian Cruise from Port Canaveral,4,Port Canaveral,BAHAMAS,Disney Wish,2027-11-29 to 2027-12-03,1,"Inside: ₹301,088, Outside: ₹319,583, Verandah: ₹348,866, Suite: ₹754,203",https://disneycruise.disney.go.com/en-in/cruises-destinations/list/WW0610/4-Night-Very-Merrytime-Bahamian-Cruise-from-Port-Canaveral/2027-11-29-Disney-Wish/
DF0832,5-Night Halloween on the High Seas Western Caribbean Cruise from Port Canaveral,5,Port Canaveral,CARIBBEAN,Disney Fantasy,2026-10-09 to 2026-10-14,1,"Inside: ₹302,872, Suite: ₹674,689",https://disneycruise.disney.go.com/en-in/cruises-destinations/list/DF0832/5-Night-Halloween-on-the-High-Seas-Western-Caribbean-Cruise-from-Port-Canaveral/2026-10-09-Disney-Fantasy/
DM1774,7-Night Bahamian Cruise from Galveston with Marvel Days at Sea,7,Galveston,BAHAMAS,Disney Magic,2027-01-24 to 2027-01-31 | 2027-01-31 to 2027-02-07,2,"Inside: ₹303,013, Outside: ₹350,212, Verandah: ₹431,126, Suite: ₹903,121",https://disneycruise.disney.go.com/en-in/cruises-destinations/list/DM1774/7-Night-Bahamian-Cruise-from-Galveston-with-Marvel-Days-at-Sea/2027-01-24-Disney-Magic/
DD1638,3-Night Very Merrytime Bahamian Cruise from Fort Lauderdale,3,Fort Lauderdale,BAHAMAS,Disney Dream,2027-12-24 to 2027-12-27,1,"Inside: ₹303,836, Outside: ₹317,129, Verandah: ₹335,623, Suite: ₹697,999",https://disneycruise.disney.go.com/en-in/cruises-destinations/list/DD1638/3-Night-Very-Merrytime-Bahamian-Cruise-from-Fort-Lauderdale/2027-12-24-Disney-Dream/
DD1539,7-Night Eastern Caribbean Cruise from Fort Lauderdale,7,Fort Lauderdale,CARIBBEAN,Disney Dream,2026-12-27 to 2027-01-03 | 2027-01-22 to 2027-01-29,2,"Inside: ₹706,694, Outside: ₹744,453, Verandah: ₹784,910, Suite: ₹2,655,358",https://disneycruise.disney.go.com/en-in/cruises-destinations/list/DD1539/7-Night-Eastern-Caribbean-Cruise-from-Fort-Lauderdale/2026-12-27-Disney-Dream/
DW2223,7-Night Very Merrytime Mexican Riviera Cruise from San Diego,7,San Diego,MEXICAN RIVIERA,Disney Wonder,2026-12-22 to 2026-12-29 | 2027-11-28 to 2027-12-05,2,"Inside: ₹537,400, Outside: ₹629,102, Verandah: ₹788,231, Suite: ₹1,961,476",https://disneycruise.disney.go.com/en-in/cruises-destinations/list/DW2223/7-Night-Very-Merrytime-Mexican-Riviera-Cruise-from-San-Diego/2026-12-22-Disney-Wonder/
DF0856,5-Night Bahamian Cruise from Port Canaveral with Pixar Days at Sea,5,Port Canaveral,BAHAMAS,Disney Fantasy,2027-01-24 to 2027-01-29,1,"Inside: ₹309,290, Outside: ₹330,481, Verandah: ₹360,342, Suite: ₹684,959",https://disneycruise.disney.go.com/en-in/cruises-destinations/list/DF0856/5-Night-Bahamian-Cruise-from-Port-Canaveral-with-Pixar-Days-at-Sea/2027-01-24-Disney-Fantasy/
DF0952,6-Night Eastern Caribbean Cruise from San Juan ending in Port Canaveral,6,San Juan,CARIBBEAN,Disney Fantasy,2028-05-13 to 2028-05-19,1,"Inside: ₹310,711, Outside: ₹330,362, Verandah: ₹365,039, Suite: ₹766,138",https://disneycruise.disney.go.com/en-in/cruises-destinations/list/DF0952/6-Night-Eastern-Caribbean-Cruise-from-San-Juan-ending-in-Port-Canaveral/2028-05-13-Disney-Fantasy/
DF0930,6-Night Bahamian Cruise from Fort Lauderdale,6,Fort Lauderdale,BAHAMAS,Disney Fantasy,2028-01-02 to 2028-01-08,1,"Inside: ₹312,896, Outside: ₹333,702, Verandah: ₹373,003, Suite: ₹746,361",https://disneycruise.disney.go.com/en-in/cruises-destinations/list/DF0930/6-Night-Bahamian-Cruise-from-Fort-Lauderdale/2028-01-02-Disney-Fantasy/
DF0933,6-Night Eastern Caribbean Cruise from Fort Lauderdale,6,Fort Lauderdale,CARIBBEAN,Disney Fantasy,2028-01-16 to 2028-01-22 | 2028-02-13 to 2028-02-19 | 2028-03-12 to 2028-03-18 | 2028-04-09 to 2028-04-15,4,"Inside: ₹314,921, Outside: ₹334,571, Verandah: ₹371,560, Suite: ₹769,192",https://disneycruise.disney.go.com/en-in/cruises-destinations/list/DF0933/6-Night-Eastern-Caribbean-Cruise-from-Fort-Lauderdale/2028-01-16-Disney-Fantasy/
DF0949,6-Night Eastern Caribbean Cruise from Fort Lauderdale ending San Juan,6,Fort Lauderdale,CARIBBEAN,Disney Fantasy,2028-04-23 to 2028-04-29,1,"Inside: ₹317,741, Outside: ₹337,392, Verandah: ₹372,069, Suite: ₹776,636",https://disneycruise.disney.go.com/en-in/cruises-destinations/list/DF0949/6-Night-Eastern-Caribbean-Cruise-from-Fort-Lauderdale-ending-San-Juan/2028-04-23-Disney-Fantasy/
DF0859,5-Night Bahamian Cruise from Port Canaveral with Pixar Days at Sea,5,Port Canaveral,BAHAMAS,Disney Fantasy,2027-02-07 to 2027-02-12 | 2027-02-12 to 2027-02-17 | 2027-02-21 to 2027-02-26 | 2027-04-04 to 2027-04-09 | 2027-04-09 to 2027-04-14 | 2027-04-18 to 2027-04-23 | 2027-04-23 to 2027-04-28,7,"Inside: ₹339,750, Outside: ₹366,721, Verandah: ₹413,920, Suite: ₹773,214",https://disneycruise.disney.go.com/en-in/cruises-destinations/list/DF0859/5-Night-Bahamian-Cruise-from-Port-Canaveral-with-Pixar-Days-at-Sea/2027-02-07-Disney-Fantasy/
WW0590,3-Night Belgium Cruise from Southampton,3,Southampton,EUROPE,Disney Wish,2027-08-20 to 2027-08-23,1,"Inside: ₹322,690, Outside: ₹331,938, Verandah: ₹335,983, Suite: ₹493,186",https://disneycruise.disney.go.com/en-in/cruises-destinations/list/WW0590/3-Night-Belgium-Cruise-from-Southampton/2027-08-20-Disney-Wish/
WW0592,3-Night Northern Europe Cruise from Southampton,3,Southampton,EUROPE,Disney Wish,2027-08-27 to 2027-08-30,1,"Inside: ₹323,927, Outside: ₹330,863, Verandah: ₹337,798, Suite: ₹1,034,809",https://disneycruise.disney.go.com/en-in/cruises-destinations/list/WW0592/3-Night-Northern-Europe-Cruise-from-Southampton/2027-08-27-Disney-Wish/
DM1794,7-Night Alaskan Cruise from Vancouver,7,Vancouver,ALASKA,Disney Magic,2027-05-13 to 2027-05-20 | 2027-05-20 to 2027-05-27 | 2027-05-27 to 2027-06-03 | 2027-06-03 to 2027-06-10 | 2027-06-10 to 2027-06-17 | 2027-06-17 to 2027-06-24 | 2027-06-24 to 2027-07-01 | 2027-07-01 to 2027-07-08 | 2027-07-08 to 2027-07-15 | 2027-07-15 to 2027-07-22 | 2027-08-05 to 2027-08-12 | 2027-08-12 to 2027-08-19 | 2027-08-19 to 2027-08-26 | 2027-08-26 to 2027-09-02 | 2027-09-02 to 2027-09-09 | 2027-09-09 to 2027-09-16,16,"Inside: ₹332,452, Outside: ₹416,063, Verandah: ₹724,882, Suite: ₹1,356,007",https://disneycruise.disney.go.com/en-in/cruises-destinations/list/DM1794/7-Night-Alaskan-Cruise-from-Vancouver/2027-05-13-Disney-Magic/
WD0143,5-Night Halloween on the High Seas Bahamian Cruise from Fort Lauderdale,5,Fort Lauderdale,BAHAMAS,Disney Destiny,2027-09-20 to 2027-09-25 | 2027-10-04 to 2027-10-09 | 2027-10-18 to 2027-10-23,3,"Inside: ₹330,389, Outside: ₹340,985, Verandah: ₹386,257, Suite: ₹639,594",https://disneycruise.disney.go.com/en-in/cruises-destinations/list/WD0143/5-Night-Halloween-on-the-High-Seas-Bahamian-Cruise-from-Fort-Lauderdale/2027-09-20-Disney-Destiny/
WT0096,7-Night Halloween on the High Seas Western Caribbean Cruise from Port Canaveral,7,Port Canaveral,CARIBBEAN,Disney Treasure,2026-10-17 to 2026-10-24 | 2026-10-31 to 2026-11-07 | 2027-09-18 to 2027-09-25 | 2027-10-02 to 2027-10-09 | 2027-10-16 to 2027-10-23 | 2027-10-30 to 2027-11-06,6,"Inside: ₹343,481, Outside: ₹371,801, Verandah: ₹423,046, Suite: ₹1,182,284",https://disneycruise.disney.go.com/en-in/cruises-destinations/list/WT0096/7-Night-Halloween-on-the-High-Seas-Western-Caribbean-Cruise-from-Port-Canaveral/2026-10-17-Disney-Treasure/
WD0072,7-Night Halloween on the High Seas Western Caribbean Cruise from Fort Lauderdale,7,Fort Lauderdale,CARIBBEAN,Disney Destiny,2026-10-10 to 2026-10-17,1,"Inside: ₹340,798, Verandah: ₹419,014, Suite: ₹1,170,160",https://disneycruise.disney.go.com/en-in/cruises-destinations/list/WD0072/7-Night-Halloween-on-the-High-Seas-Western-Caribbean-Cruise-from-Fort-Lauderdale/2026-10-10-Disney-Destiny/
WT0106,7-Night Western Caribbean Cruise from Port Canaveral,7,Port Canaveral,CARIBBEAN,Disney Treasure,2026-12-26 to 2027-01-02 | 2027-01-09 to 2027-01-16 | 2027-01-23 to 2027-01-30 | 2027-02-06 to 2027-02-13 | 2027-02-20 to 2027-02-27 | 2027-03-06 to 2027-03-13 | 2027-03-20 to 2027-03-27 | 2027-04-03 to 2027-04-10 | 2027-04-17 to 2027-04-24 | 2027-05-01 to 2027-05-08 | 2027-05-15 to 2027-05-22 | 2027-05-29 to 2027-06-05 | 2027-06-12 to 2027-06-19 | 2027-06-26 to 2027-07-03 | 2027-07-10 to 2027-07-17 | 2027-07-24 to 2027-07-31 | 2027-08-07 to 2027-08-14 | 2027-08-21 to 2027-08-28 | 2027-09-04 to 2027-09-11 | 2028-01-22 to 2028-01-29 | 2028-02-05 to 2028-02-12 | 2028-02-19 to 2028-02-26 | 2028-03-04 to 2028-03-11 | 2028-03-18 to 2028-03-25 | 2028-04-01 to 2028-04-08 | 2028-04-15 to 2028-04-22 | 2028-04-29 to 2028-05-06,27,"Inside: ₹717,031, Verandah: ₹838,402, Suite: ₹2,578,040",https://disneycruise.disney.go.com/en-in/cruises-destinations/list/WT0106/7-Night-Western-Caribbean-Cruise-from-Port-Canaveral/2026-12-26-Disney-Treasure/
DF0921,5-Night Very Merrytime Bahamian Cruise from Port Canaveral,5,Port Canaveral,BAHAMAS,Disney Fantasy,2027-11-14 to 2027-11-19,1,"Inside: ₹341,622, Outside: ₹353,181, Verandah: ₹384,969, Suite: ₹828,066",https://disneycruise.disney.go.com/en-in/cruises-destinations/list/DF0921/5-Night-Very-Merrytime-Bahamian-Cruise-from-Port-Canaveral/2027-11-14-Disney-Fantasy/
DF0854,5-Night Bahamian Cruise from Port Canaveral with 2 Stops at Castaway Cay,5,Port Canaveral,BAHAMAS,Disney Fantasy,2027-01-15 to 2027-01-20 | 2027-03-26 to 2027-03-31 | 2027-06-27 to 2027-07-02 | 2027-08-13 to 2027-08-18,4,"Inside: ₹342,487, Outside: ₹367,532, Verandah: ₹413,768, Suite: ₹829,894",https://disneycruise.disney.go.com/en-in/cruises-destinations/list/DF0854/5-Night-Bahamian-Cruise-from-Port-Canaveral-with-2-Stops-at-Castaway-Cay/2027-01-15-Disney-Fantasy/
WD0081,5-Night Very Merrytime Bahamian Cruise from Fort Lauderdale,5,Fort Lauderdale,BAHAMAS,Disney Destiny,2026-11-25 to 2026-11-30,1,"Inside: ₹347,134, Outside: ₹365,436, Verandah: ₹414,562, Suite: ₹1,155,305",https://disneycruise.disney.go.com/en-in/cruises-destinations/list/WD0081/5-Night-Very-Merrytime-Bahamian-Cruise-from-Fort-Lauderdale/2026-11-25-Disney-Destiny/
WT0100,7-Night Very Merrytime Western Caribbean Cruise from Port Canaveral,7,Port Canaveral,CARIBBEAN,Disney Treasure,2026-11-14 to 2026-11-21 | 2026-11-28 to 2026-12-05 | 2026-12-12 to 2026-12-19 | 2027-11-13 to 2027-11-20 | 2027-11-27 to 2027-12-04 | 2027-12-11 to 2027-12-18,6,"Inside: ₹351,573, Outside: ₹381,241, Verandah: ₹435,183, Suite: ₹1,198,466",https://disneycruise.disney.go.com/en-in/cruises-destinations/list/WT0100/7-Night-Very-Merrytime-Western-Caribbean-Cruise-from-Port-Canaveral/2026-11-14-Disney-Treasure/
WT0095,7-Night Halloween on the High Seas Eastern Caribbean Cruise from Port Canaveral,7,Port Canaveral,CARIBBEAN,Disney Treasure,2026-10-10 to 2026-10-17 | 2026-10-24 to 2026-10-31 | 2027-09-25 to 2027-10-02 | 2027-10-09 to 2027-10-16 | 2027-10-23 to 2027-10-30,5,"Inside: ₹354,566, Verandah: ₹442,223, Suite: ₹4,313,929",https://disneycruise.disney.go.com/en-in/cruises-destinations/list/WT0095/7-Night-Halloween-on-the-High-Seas-Eastern-Caribbean-Cruise-from-Port-Canaveral/2026-10-10-Disney-Treasure/
WD0087,5-Night Bahamian Cruise from Fort Lauderdale,5,Fort Lauderdale,BAHAMAS,Disney Destiny,2026-12-28 to 2027-01-02 | 2027-04-19 to 2027-04-24,2,"Inside: ₹652,576, Outside: ₹737,343, Verandah: ₹1,001,274, Suite: ₹2,131,172",https://disneycruise.disney.go.com/en-in/cruises-destinations/list/WD0087/5-Night-Bahamian-Cruise-from-Fort-Lauderdale/2026-12-28-Disney-Destiny/
WW0540,4-Night Very Merrytime Bahamian Cruise from Port Canaveral,4,Port Canaveral,BAHAMAS,Disney Wish,2026-12-24 to 2026-12-28,1,"Inside: ₹349,369, Outside: ₹366,322, Verandah: ₹390,981, Suite: ₹1,229,398",https://disneycruise.disney.go.com/en-in/cruises-destinations/list/WW0540/4-Night-Very-Merrytime-Bahamian-Cruise-from-Port-Canaveral/2026-12-24-Disney-Wish/
WW0603,5-Night Halloween on the High Seas Bermuda Cruise from New York ending in San Juan,5,New York,BERMUDA,Disney Wish,2027-10-31 to 2027-11-05,1,"Inside: ₹351,341, Outside: ₹394,688, Verandah: ₹427,439",https://disneycruise.disney.go.com/en-in/cruises-destinations/list/WW0603/5-Night-Halloween-on-the-High-Seas-Bermuda-Cruise-from-New-York-ending-in-San-Juan/2027-10-31-Disney-Wish/
WT0099,7-Night Eastern Caribbean Cruise from Port Canaveral,7,Port Canaveral,CARIBBEAN,Disney Treasure,2026-11-07 to 2026-11-14 | 2027-01-16 to 2027-01-23 | 2027-02-27 to 2027-03-06 | 2028-03-11 to 2028-03-18,4,"Outside: ₹385,583, Verandah: ₹442,223, Suite: ₹1,216,294",https://disneycruise.disney.go.com/en-in/cruises-destinations/list/WT0099/7-Night-Eastern-Caribbean-Cruise-from-Port-Canaveral/2026-11-07-Disney-Treasure/
DM1805,6-Night Alaskan Cruise from Vancouver,6,Vancouver,ALASKA,Disney Magic,2027-07-30 to 2027-08-05,1,"Inside: ₹355,736, Outside: ₹487,509, Verandah: ₹764,926, Suite: ₹1,637,635",https://disneycruise.disney.go.com/en-in/cruises-destinations/list/DM1805/6-Night-Alaskan-Cruise-from-Vancouver/2027-07-30-Disney-Magic/
DM1768,7-Night Bahamian Cruise from Galveston,7,Galveston,BAHAMAS,Disney Magic,2026-12-27 to 2027-01-03 | 2027-04-18 to 2027-04-25 | 2028-03-19 to 2028-03-26,3,"Inside: ₹430,954, Outside: ₹511,868, Verandah: ₹648,072, Suite: ₹2,610,222",https://disneycruise.disney.go.com/en-in/cruises-destinations/list/DM1768/7-Night-Bahamian-Cruise-from-Galveston/2026-12-27-Disney-Magic/
DD1528,7-Night Very Merrytime Eastern Caribbean Cruise from Fort Lauderdale,7,Fort Lauderdale,CARIBBEAN,Disney Dream,2026-11-13 to 2026-11-20,1,"Inside: ₹359,323, Outside: ₹379,551, Verandah: ₹413,265, Suite: ₹3,671,378",https://disneycruise.disney.go.com/en-in/cruises-destinations/list/DD1528/7-Night-Very-Merrytime-Eastern-Caribbean-Cruise-from-Fort-Lauderdale/2026-11-13-Disney-Dream/
DF0929,7-Night Eastern Caribbean Cruise from Fort Lauderdale,7,Fort Lauderdale,CARIBBEAN,Disney Fantasy,2027-12-26 to 2028-01-02 | 2028-02-06 to 2028-02-13,2,"Inside: ₹733,174, Outside: ₹769,585, Verandah: ₹812,739, Suite: ₹1,729,757",https://disneycruise.disney.go.com/en-in/cruises-destinations/list/DF0929/7-Night-Eastern-Caribbean-Cruise-from-Fort-Lauderdale/2027-12-26-Disney-Fantasy/
WT0107,7-Night Eastern Caribbean Cruise from Port Canaveral,7,Port Canaveral,CARIBBEAN,Disney Treasure,2027-01-02 to 2027-01-09 | 2027-01-30 to 2027-02-06 | 2027-02-13 to 2027-02-20 | 2027-03-13 to 2027-03-20 | 2027-03-27 to 2027-04-03 | 2027-04-10 to 2027-04-17 | 2027-04-24 to 2027-05-01 | 2027-05-08 to 2027-05-15 | 2027-05-22 to 2027-05-29 | 2027-06-05 to 2027-06-12 | 2027-06-19 to 2027-06-26 | 2027-07-03 to 2027-07-10 | 2027-07-17 to 2027-07-24 | 2027-08-14 to 2027-08-21 | 2027-08-28 to 2027-09-04 | 2027-09-11 to 2027-09-18 | 2027-11-06 to 2027-11-13 | 2028-01-02 to 2028-01-09 | 2028-01-15 to 2028-01-22 | 2028-01-29 to 2028-02-05 | 2028-02-12 to 2028-02-19 | 2028-02-26 to 2028-03-04 | 2028-03-25 to 2028-04-01 | 2028-04-08 to 2028-04-15 | 2028-04-22 to 2028-04-29,25,"Inside: ₹370,790, Outside: ₹403,155, Verandah: ₹463,840, Suite: ₹1,359,282",https://disneycruise.disney.go.com/en-in/cruises-destinations/list/WT0107/7-Night-Eastern-Caribbean-Cruise-from-Port-Canaveral/2027-01-02-Disney-Treasure/
WW0589,4-Night Spain Cruise from Southampton,4,Southampton,EUROPE,Disney Wish,2027-08-16 to 2027-08-20,1,"Inside: ₹362,203, Outside: ₹404,586, Verandah: ₹419,228, Suite: ₹1,791,673",https://disneycruise.disney.go.com/en-in/cruises-destinations/list/WW0589/4-Night-Spain-Cruise-from-Southampton/2027-08-16-Disney-Wish/
WW0591,4-Night Spain Cruise from Southampton,4,Southampton,EUROPE,Disney Wish,2027-08-23 to 2027-08-27 | 2027-08-30 to 2027-09-03,2,"Inside: ₹395,272, Outside: ₹416,078, Verandah: ₹423,784, Suite: ₹641,865",https://disneycruise.disney.go.com/en-in/cruises-destinations/list/WW0591/4-Night-Spain-Cruise-from-Southampton/2027-08-23-Disney-Wish/
WD0073,7-Night Halloween on the High Seas Eastern Caribbean Cruise from Fort Lauderdale,7,Fort Lauderdale,CARIBBEAN,Disney Destiny,2026-10-17 to 2026-10-24,1,"Inside: ₹364,717, Outside: ₹422,705, Verandah: ₹469,905, Suite: ₹1,231,839",https://disneycruise.disney.go.com/en-in/cruises-destinations/list/WD0073/7-Night-Halloween-on-the-High-Seas-Eastern-Caribbean-Cruise-from-Fort-Lauderdale/2026-10-17-Disney-Destiny/
DW2258,7-Night Alaskan Cruise from Vancouver,7,Vancouver,ALASKA,Disney Wonder,2027-05-10 to 2027-05-17 | 2027-05-17 to 2027-05-24 | 2027-05-24 to 2027-05-31 | 2027-05-31 to 2027-06-07 | 2027-06-07 to 2027-06-14 | 2027-06-14 to 2027-06-21 | 2027-06-21 to 2027-06-28 | 2027-06-28 to 2027-07-05 | 2027-07-05 to 2027-07-12 | 2027-07-12 to 2027-07-19 | 2027-07-19 to 2027-07-26 | 2027-07-26 to 2027-08-02 | 2027-08-02 to 2027-08-09 | 2027-08-09 to 2027-08-16 | 2027-08-16 to 2027-08-23 | 2027-08-23 to 2027-08-30 | 2027-08-30 to 2027-09-06 | 2027-09-06 to 2027-09-13 | 2027-09-13 to 2027-09-20,19,"Inside: ₹367,503, Outside: ₹421,445, Verandah: ₹761,281, Suite: ₹2,136,809",https://disneycruise.disney.go.com/en-in/cruises-destinations/list/DW2258/7-Night-Alaskan-Cruise-from-Vancouver/2027-05-10-Disney-Wonder/
DW2216,7-Night Very Merrytime Mexican Riviera Cruise from San Diego,7,San Diego,MEXICAN RIVIERA,Disney Wonder,2026-11-22 to 2026-11-29,1,"Inside: ₹368,599, Outside: ₹444,118, Verandah: ₹821,714, Suite: ₹2,386,040",https://disneycruise.disney.go.com/en-in/cruises-destinations/list/DW2216/7-Night-Very-Merrytime-Mexican-Riviera-Cruise-from-San-Diego/2026-11-22-Disney-Wonder/
WT0101,7-Night Very Merrytime Eastern Caribbean Cruise from Port Canaveral,7,Port Canaveral,CARIBBEAN,Disney Treasure,2026-11-21 to 2026-11-28 | 2026-12-05 to 2026-12-12 | 2026-12-19 to 2026-12-26 | 2027-12-04 to 2027-12-11,4,"Inside: ₹485,376, Outside: ₹532,576, Verandah: ₹632,369, Suite: ₹1,960,697",https://disneycruise.disney.go.com/en-in/cruises-destinations/list/WT0101/7-Night-Very-Merrytime-Eastern-Caribbean-Cruise-from-Port-Canaveral/2026-11-21-Disney-Treasure/
DF0936,7-Night Eastern Caribbean Cruise from Fort Lauderdale,7,Fort Lauderdale,CARIBBEAN,Disney Fantasy,2028-01-30 to 2028-02-06,1,"Inside: ₹371,843, Outside: ₹390,723, Verandah: ₹432,528, Suite: ₹865,415",https://disneycruise.disney.go.com/en-in/cruises-destinations/list/DF0936/7-Night-Eastern-Caribbean-Cruise-from-Fort-Lauderdale/2028-01-30-Disney-Fantasy/
WD0094,7-Night Eastern Caribbean Cruise from Fort Lauderdale,7,Fort Lauderdale,CARIBBEAN,Disney Destiny | Disney Fantasy,2027-01-30 to 2027-02-06 | 2028-02-27 to 2028-03-05 | 2028-04-02 to 2028-04-09,3,"Inside: ₹437,595, Outside: ₹488,840, Verandah: ₹558,965, Suite: ₹1,165,816",https://disneycruise.disney.go.com/en-in/cruises-destinations/list/WD0094/7-Night-Eastern-Caribbean-Cruise-from-Fort-Lauderdale/2027-01-30-Disney-Destiny/
WD0084,7-Night Very Merrytime Eastern Caribbean Cruise from Fort Lauderdale,7,Fort Lauderdale,CARIBBEAN,Disney Destiny,2026-12-12 to 2026-12-19,1,"Inside: ₹382,208, Outside: ₹414,573, Verandah: ₹465,818, Suite: ₹1,281,695",https://disneycruise.disney.go.com/en-in/cruises-destinations/list/WD0084/7-Night-Very-Merrytime-Eastern-Caribbean-Cruise-from-Fort-Lauderdale/2026-12-12-Disney-Destiny/
WD0083,7-Night Very Merrytime Bahamian Cruise from Fort Lauderdale with 2 stops at Castaway Cay,7,Fort Lauderdale,BAHAMAS,Disney Destiny,2026-12-05 to 2026-12-12,1,"Inside: ₹386,288, Outside: ₹432,139, Verandah: ₹480,687, Suite: ₹1,194,074",https://disneycruise.disney.go.com/en-in/cruises-destinations/list/WD0083/7-Night-Very-Merrytime-Bahamian-Cruise-from-Fort-Lauderdale-with-2-stops-at-Castaway-Cay/2026-12-05-Disney-Destiny/
DF0951,7-Night Southern Caribbean Cruise from San Juan,7,San Juan,CARIBBEAN,Disney Fantasy,2028-05-06 to 2028-05-13,1,"Inside: ₹401,716, Outside: ₹425,990, Verandah: ₹471,841, Suite: ₹1,066,554",https://disneycruise.disney.go.com/en-in/cruises-destinations/list/DF0951/7-Night-Southern-Caribbean-Cruise-from-San-Juan/2028-05-06-Disney-Fantasy/
WD0167,6-Night Western Caribbean Cruise from Port Canaveral,6,Port Canaveral,CARIBBEAN,Disney Destiny,2028-01-08 to 2028-01-14,1,"Inside: ₹403,032, Outside: ₹435,397, Verandah: ₹496,660, Suite: ₹1,075,769",https://disneycruise.disney.go.com/en-in/cruises-destinations/list/WD0167/6-Night-Western-Caribbean-Cruise-from-Port-Canaveral/2028-01-08-Disney-Destiny/
DF0925,7-Night Very Merrytime Southern Caribbean Cruise from San Juan,7,San Juan,CARIBBEAN,Disney Fantasy,2027-12-03 to 2027-12-10,1,"Inside: ₹403,430, Outside: ₹429,053, Verandah: ₹474,904, Suite: ₹1,007,584",https://disneycruise.disney.go.com/en-in/cruises-destinations/list/DF0925/7-Night-Very-Merrytime-Southern-Caribbean-Cruise-from-San-Juan/2027-12-03-Disney-Fantasy/
WT0160,6-Night Bahamian Cruise from Port Canaveral with 2 Stops at Castaway Cay,6,Port Canaveral,BAHAMAS,Disney Treasure,2028-01-09 to 2028-01-15,1,"Inside: ₹409,464, Outside: ₹447,609, Verandah: ₹497,313, Suite: ₹1,118,034",https://disneycruise.disney.go.com/en-in/cruises-destinations/list/WT0160/6-Night-Bahamian-Cruise-from-Port-Canaveral-with-2-Stops-at-Castaway-Cay/2028-01-09-Disney-Treasure/
DD1538,6-Night Very Merrytime Bahamian Cruise from Fort Lauderdale,6,Fort Lauderdale,BAHAMAS,Disney Dream,2026-12-21 to 2026-12-27,1,"Inside: ₹421,601, Outside: ₹441,252, Verandah: ₹468,993, Suite: ₹1,305,869",https://disneycruise.disney.go.com/en-in/cruises-destinations/list/DD1538/6-Night-Very-Merrytime-Bahamian-Cruise-from-Fort-Lauderdale/2026-12-21-Disney-Dream/
DF0942,7-Night Eastern Caribbean Cruise from Fort Lauderdale,7,Fort Lauderdale,CARIBBEAN,Disney Fantasy,2028-03-05 to 2028-03-12 | 2028-03-26 to 2028-04-02,2,"Inside: ₹440,215, Outside: ₹467,186, Verandah: ₹517,083, Suite: ₹1,088,871",https://disneycruise.disney.go.com/en-in/cruises-destinations/list/DF0942/7-Night-Eastern-Caribbean-Cruise-from-Fort-Lauderdale/2028-03-05-Disney-Fantasy/
DF0950,7-Night Southern Caribbean Cruise from San Juan,7,San Juan,CARIBBEAN,Disney Fantasy,2028-04-29 to 2028-05-06,1,"Inside: ₹442,357, Outside: ₹470,677, Verandah: ₹519,225, Suite: ₹1,107,196",https://disneycruise.disney.go.com/en-in/cruises-destinations/list/DF0950/7-Night-Southern-Caribbean-Cruise-from-San-Juan/2028-04-29-Disney-Fantasy/
WD0157,5-Night Very Merrytime Bahamian Cruise from Fort Lauderdale,5,Fort Lauderdale,BAHAMAS,Disney Destiny,2027-11-24 to 2027-11-29,1,"Inside: ₹471,997, Outside: ₹498,005, Verandah: ₹566,396, Suite: ₹1,201,181",https://disneycruise.disney.go.com/en-in/cruises-destinations/list/WD0157/5-Night-Very-Merrytime-Bahamian-Cruise-from-Fort-Lauderdale/2027-11-24-Disney-Destiny/
WW0604,7-Night Southern Caribbean Cruise from San Juan,7,San Juan,CARIBBEAN,Disney Wish,2027-11-05 to 2027-11-12,1,"Outside: ₹474,875, Verandah: ₹536,909, Suite: ₹1,115,439",https://disneycruise.disney.go.com/en-in/cruises-destinations/list/WW0604/7-Night-Southern-Caribbean-Cruise-from-San-Juan/2027-11-05-Disney-Wish/
DD1552,7-Night Eastern Caribbean Cruise from Fort Lauderdale,7,Fort Lauderdale,CARIBBEAN,Disney Dream,2027-02-19 to 2027-02-26,1,"Inside: ₹475,615, Outside: ₹506,632, Verandah: ₹549,785",https://disneycruise.disney.go.com/en-in/cruises-destinations/list/DD1552/7-Night-Eastern-Caribbean-Cruise-from-Fort-Lauderdale/2027-02-19-Disney-Dream/
DD1630,6-Night Very Merrytime Bahamian Cruise from Fort Lauderdale with 2 Stops at Castaway Cay,6,Fort Lauderdale,BAHAMAS,Disney Dream,2027-11-22 to 2027-11-28,1,"Inside: ₹475,840, Outside: ₹498,958, Verandah: ₹532,480, Suite: ₹1,127,771",https://disneycruise.disney.go.com/en-in/cruises-destinations/list/DD1630/6-Night-Very-Merrytime-Bahamian-Cruise-from-Fort-Lauderdale-with-2-Stops-at-Castaway-Cay/2027-11-22-Disney-Dream/
DM1759,14-Night Eastbound Panama Canal Cruise from San Diego ending in Galveston,14,San Diego,TRANS PANAMA CANAL,Disney Magic,2026-11-06 to 2026-11-20,1,"Inside: ₹477,221, Outside: ₹625,563, Verandah: ₹1,262,082, Suite: ₹2,740,100",https://disneycruise.disney.go.com/en-in/cruises-destinations/list/DM1759/14-Night-Eastbound-Panama-Canal-Cruise-from-San-Diego-ending-in-Galveston/2026-11-06-Disney-Magic/
DM1850,14-Night Westbound Panama Canal Cruise from Galveston ending in San Diego,14,Galveston,TRANS PANAMA CANAL,Disney Magic,2028-03-26 to 2028-04-09,1,"Inside: ₹487,586, Outside: ₹635,927, Verandah: ₹1,040,494",https://disneycruise.disney.go.com/en-in/cruises-destinations/list/DM1850/14-Night-Westbound-Panama-Canal-Cruise-from-Galveston-ending-in-San-Diego/2028-03-26-Disney-Magic/
DM1825,7-Night Very Merrytime Bahamian Cruise from Galveston,7,Galveston,BAHAMAS,Disney Magic,2027-11-22 to 2027-11-29,1,"Inside: ₹502,578, Outside: ₹541,686, Verandah: ₹703,513, Suite: ₹1,528,830",https://disneycruise.disney.go.com/en-in/cruises-destinations/list/DM1825/7-Night-Very-Merrytime-Bahamian-Cruise-from-Galveston/2027-11-22-Disney-Magic/
WW0598,5-Night Halloween on the High Seas Canada & New England Cruise from New York,5,New York,CANADA,Disney Wish,2027-10-03 to 2027-10-08,1,"Verandah: ₹510,554",https://disneycruise.disney.go.com/en-in/cruises-destinations/list/WW0598/5-Night-Halloween-on-the-High-Seas-Canada-New-England-Cruise-from-New-York/2027-10-03-Disney-Wish/
WW0587,5-Night Spain Cruise from Southampton,5,Southampton,EUROPE,Disney Wish,2027-08-06 to 2027-08-11,1,"Inside: ₹512,421, Outside: ₹532,649, Verandah: ₹544,208, Suite: ₹907,355",https://disneycruise.disney.go.com/en-in/cruises-destinations/list/WW0587/5-Night-Spain-Cruise-from-Southampton/2027-08-06-Disney-Wish/
DM1823,14-Night Eastbound Panama Canal Cruise from San Diego ending in Galveston,14,San Diego,TRANS PANAMA CANAL,Disney Magic,2027-11-04 to 2027-11-18,1,"Inside: ₹520,256, Outside: ₹636,232, Verandah: ₹994,948, Suite: ₹3,265,917",https://disneycruise.disney.go.com/en-in/cruises-destinations/list/DM1823/14-Night-Eastbound-Panama-Canal-Cruise-from-San-Diego-ending-in-Galveston/2027-11-04-Disney-Magic/
DM1804,8-Night Alaskan Cruise from Vancouver,8,Vancouver,ALASKA,Disney Magic,2027-07-22 to 2027-07-30,1,"Inside: ₹520,971, Outside: ₹727,492, Verandah: ₹1,254,585, Suite: ₹2,543,035",https://disneycruise.disney.go.com/en-in/cruises-destinations/list/DM1804/8-Night-Alaskan-Cruise-from-Vancouver/2027-07-22-Disney-Magic/
WW0599,6-Night Halloween on the High Seas Bermuda & Canada Cruise from New York,6,New York,CANADA,Disney Wish,2027-10-08 to 2027-10-14,1,"Inside: ₹521,373",https://disneycruise.disney.go.com/en-in/cruises-destinations/list/WW0599/6-Night-Halloween-on-the-High-Seas-Bermuda-Canada-Cruise-from-New-York/2027-10-08-Disney-Wish/
WW0588,5-Night Spain Cruise from Southampton,5,Southampton,EUROPE,Disney Wish,2027-08-11 to 2027-08-16,1,"Outside: ₹523,252, Verandah: ₹536,737, Suite: ₹876,766",https://disneycruise.disney.go.com/en-in/cruises-destinations/list/WW0588/5-Night-Spain-Cruise-from-Southampton/2027-08-11-Disney-Wish/
DW2299,7-Night Very Merrytime Mexican Riviera Cruise from San Diego,7,San Diego,MEXICAN RIVIERA,Disney Wonder,2027-12-19 to 2027-12-26,1,"Inside: ₹526,396, Outside: ₹645,069, Verandah: ₹814,987, Suite: ₹1,559,390",https://disneycruise.disney.go.com/en-in/cruises-destinations/list/DW2299/7-Night-Very-Merrytime-Mexican-Riviera-Cruise-from-San-Diego/2027-12-19-Disney-Wonder/
WD0131,7-Night Western Caribbean Cruise from Fort Lauderdale,7,Fort Lauderdale,CARIBBEAN,Disney Destiny,2027-07-31 to 2027-08-07,1,"Inside: ₹531,160, Outside: ₹583,754, Verandah: ₹657,924, Suite: ₹1,437,390",https://disneycruise.disney.go.com/en-in/cruises-destinations/list/WD0131/7-Night-Western-Caribbean-Cruise-from-Fort-Lauderdale/2027-07-31-Disney-Destiny/
WD0095,7-Night Eastern Caribbean Cruise from Fort Lauderdale,7,Fort Lauderdale,CARIBBEAN,Disney Destiny,2027-02-06 to 2027-02-13,1,"Inside: ₹533,285, Outside: ₹568,347, Verandah: ₹638,472, Suite: ₹1,258,808",https://disneycruise.disney.go.com/en-in/cruises-destinations/list/WD0095/7-Night-Eastern-Caribbean-Cruise-from-Fort-Lauderdale/2027-02-06-Disney-Destiny/
WD0086,5-Night Very Merrytime Bahamian Cruise from Fort Lauderdale,5,Fort Lauderdale,BAHAMAS,Disney Destiny,2026-12-23 to 2026-12-28,1,"Inside: ₹544,692, Outside: ₹584,185, Verandah: ₹634,274, Suite: ₹1,440,519",https://disneycruise.disney.go.com/en-in/cruises-destinations/list/WD0086/5-Night-Very-Merrytime-Bahamian-Cruise-from-Fort-Lauderdale/2026-12-23-Disney-Destiny/
WW0601,5-Night Halloween on the High Seas Bermuda Cruise from New York,5,New York,BERMUDA,Disney Wish,2027-10-19 to 2027-10-24,1,"Outside: ₹550,993, Verandah: ₹559,663",https://disneycruise.disney.go.com/en-in/cruises-destinations/list/WW0601/5-Night-Halloween-on-the-High-Seas-Bermuda-Cruise-from-New-York/2027-10-19-Disney-Wish/
DF0948,8-Night Eastern Caribbean Cruise from Fort Lauderdale,8,Fort Lauderdale,CARIBBEAN,Disney Fantasy,2028-04-15 to 2028-04-23,1,"Inside: ₹552,937, Outside: ₹588,385, Verandah: ₹650,033, Suite: ₹1,377,483",https://disneycruise.disney.go.com/en-in/cruises-destinations/list/DF0948/8-Night-Eastern-Caribbean-Cruise-from-Fort-Lauderdale/2028-04-15-Disney-Fantasy/
DW2300,7-Night Mexican Riviera Cruise from San Diego,7,San Diego,MEXICAN RIVIERA,Disney Wonder,2027-12-26 to 2028-01-02,1,"Inside: ₹553,642, Outside: ₹669,618, Verandah: ₹819,308, Suite: ₹1,463,918",https://disneycruise.disney.go.com/en-in/cruises-destinations/list/DW2300/7-Night-Mexican-Riviera-Cruise-from-San-Diego/2027-12-26-Disney-Wonder/
WT0137,7-Night Eastern Caribbean Cruise from Port Canaveral,7,Port Canaveral,CARIBBEAN,Disney Treasure,2027-07-31 to 2027-08-07,1,"Inside: ₹560,755, Outside: ₹616,046, Verandah: ₹698,308, Suite: ₹1,531,716",https://disneycruise.disney.go.com/en-in/cruises-destinations/list/WT0137/7-Night-Eastern-Caribbean-Cruise-from-Port-Canaveral/2027-07-31-Disney-Treasure/
WD0123,7-Night Western Caribbean Cruise from Fort Lauderdale,7,Fort Lauderdale,CARIBBEAN,Disney Destiny,2027-06-19 to 2027-06-26,1,"Inside: ₹573,973, Outside: ₹623,869, Verandah: ₹726,360, Suite: ₹1,397,941",https://disneycruise.disney.go.com/en-in/cruises-destinations/list/WD0123/7-Night-Western-Caribbean-Cruise-from-Fort-Lauderdale/2027-06-19-Disney-Destiny/
DM1792,14-Night Westbound Panama Canal Cruise from Galveston ending in San Diego,14,Galveston,TRANS PANAMA CANAL,Disney Magic,2027-04-25 to 2027-05-09,1,"Inside: ₹579,980, Outside: ₹655,499, Verandah: ₹979,152, Suite: ₹2,295,344",https://disneycruise.disney.go.com/en-in/cruises-destinations/list/DM1792/14-Night-Westbound-Panama-Canal-Cruise-from-Galveston-ending-in-San-Diego/2027-04-25-Disney-Magic/
WW0584,6-Night Western Europe Cruise from Barcelona ending in Southampton,6,Barcelona,EUROPE,Disney Wish,2027-07-17 to 2027-07-23,1,"Inside: ₹581,777, Verandah: ₹707,771",https://disneycruise.disney.go.com/en-in/cruises-destinations/list/WW0584/6-Night-Western-Europe-Cruise-from-Barcelona-ending-in-Southampton/2027-07-17-Disney-Wish/
DF0928,7-Night Very Merrytime Eastern Caribbean Cruise from Fort Lauderdale,7,Fort Lauderdale,CARIBBEAN,Disney Fantasy,2027-12-19 to 2027-12-26,1,"Inside: ₹619,288, Outside: ₹647,608, Verandah: ₹689,413, Suite: ₹1,452,696",https://disneycruise.disney.go.com/en-in/cruises-destinations/list/DF0928/7-Night-Very-Merrytime-Eastern-Caribbean-Cruise-from-Fort-Lauderdale/2027-12-19-Disney-Fantasy/
WW0577,7-Night Mediterranean Cruise from Barcelona,7,Barcelona,EUROPE,Disney Wish,2027-05-22 to 2027-05-29 | 2027-07-10 to 2027-07-17,2,"Inside: ₹622,873, Outside: ₹653,890, Verandah: ₹682,210",https://disneycruise.disney.go.com/en-in/cruises-destinations/list/WW0577/7-Night-Mediterranean-Cruise-from-Barcelona/2027-05-22-Disney-Wish/
WW0582,7-Night Mediterranean Cruise from Barcelona,7,Barcelona,EUROPE,Disney Wish,2027-07-03 to 2027-07-10,1,"Inside: ₹623,010, Outside: ₹724,152, Verandah: ₹884,630",https://disneycruise.disney.go.com/en-in/cruises-destinations/list/WW0582/7-Night-Mediterranean-Cruise-from-Barcelona/2027-07-03-Disney-Wish/
WW0594,7-Night British Isles Cruise from Southampton,7,Southampton,EUROPE,Disney Wish,2027-09-03 to 2027-09-10,1,"Inside: ₹625,622, Outside: ₹674,170, Verandah: ₹690,353, Suite: ₹1,225,730",https://disneycruise.disney.go.com/en-in/cruises-destinations/list/WW0594/7-Night-British-Isles-Cruise-from-Southampton/2027-09-03-Disney-Wish/
DF0944,8-Night Bermuda Cruise from Fort Lauderdale,8,Fort Lauderdale,BERMUDA,Disney Fantasy,2028-03-18 to 2028-03-26,1,"Inside: ₹636,143, Outside: ₹677,756, Verandah: ₹747,110, Suite: ₹1,523,879",https://disneycruise.disney.go.com/en-in/cruises-destinations/list/DF0944/8-Night-Bermuda-Cruise-from-Fort-Lauderdale/2028-03-18-Disney-Fantasy/
WD0124,7-Night Eastern Caribbean Cruise from Fort Lauderdale,7,Fort Lauderdale,CARIBBEAN,Disney Destiny,2027-06-26 to 2027-07-03 | 2027-08-07 to 2027-08-14,2,"Inside: ₹695,158, Outside: ₹807,088, Verandah: ₹913,624, Suite: ₹5,524,340",https://disneycruise.disney.go.com/en-in/cruises-destinations/list/WD0124/7-Night-Eastern-Caribbean-Cruise-from-Fort-Lauderdale/2027-06-26-Disney-Destiny/
WT0153,7-Night Very Merrytime Eastern Caribbean Cruise from Port Canaveral,7,Port Canaveral,CARIBBEAN,Disney Treasure,2027-11-20 to 2027-11-27,1,"Inside: ₹650,711, Outside: ₹708,699, Verandah: ₹821,978, Suite: ₹1,968,251",https://disneycruise.disney.go.com/en-in/cruises-destinations/list/WT0153/7-Night-Very-Merrytime-Eastern-Caribbean-Cruise-from-Port-Canaveral/2027-11-20-Disney-Treasure/
WW0595,7-Night Northern Europe Cruise from Southampton,7,Southampton,EUROPE,Disney Wish,2027-09-10 to 2027-09-17,1,"Inside: ₹668,736, Outside: ₹693,010, Verandah: ₹699,753",https://disneycruise.disney.go.com/en-in/cruises-destinations/list/WW0595/7-Night-Northern-Europe-Cruise-from-Southampton/2027-09-10-Disney-Wish/
WD0164,7-Night Very Merrytime Western Caribbean Cruise from Port Canaveral,7,Port Canaveral,CARIBBEAN,Disney Destiny,2027-12-22 to 2027-12-29,1,"Inside: ₹710,146, Outside: ₹772,180, Verandah: ₹890,853, Suite: ₹2,065,446",https://disneycruise.disney.go.com/en-in/cruises-destinations/list/WD0164/7-Night-Very-Merrytime-Western-Caribbean-Cruise-from-Port-Canaveral/2027-12-22-Disney-Destiny/
WW0580,8-Night Mediterranean Cruise with Greek Isles from Civitavecchia (Rome),8,Civitavecchia (Rome),EUROPE,Disney Wish,2027-06-15 to 2027-06-23,1,"Inside: ₹722,900",https://disneycruise.disney.go.com/en-in/cruises-destinations/list/WW0580/8-Night-Mediterranean-Cruise-with-Greek-Isles-from-Civitavecchia-Rome/2027-06-15-Disney-Wish/
DD1567,7-Night Southern Caribbean Cruise from San Juan,7,San Juan,CARIBBEAN,Disney Dream,2027-04-16 to 2027-04-23,1,"Inside: ₹745,919, Outside: ₹797,165, Verandah: ₹872,684, Suite: ₹2,779,543",https://disneycruise.disney.go.com/en-in/cruises-destinations/list/DD1567/7-Night-Southern-Caribbean-Cruise-from-San-Juan/2027-04-16-Disney-Dream/
WW0578,9-Night Mediterranean with Greek Isles Cruise from Barcelona ending in Civitavecchia (Rome),9,Barcelona,EUROPE,Disney Wish,2027-05-29 to 2027-06-07,1,"Inside: ₹749,695",https://disneycruise.disney.go.com/en-in/cruises-destinations/list/WW0578/9-Night-Mediterranean-with-Greek-Isles-Cruise-from-Barcelona-ending-in-Civitavecchia-Rome/2027-05-29-Disney-Wish/
WW0585,7-Night Norwegian Fjords Cruise from Southampton,7,Southampton,EUROPE,Disney Wish,2027-07-23 to 2027-07-30,1,"Inside: ₹759,303, Suite: ₹2,115,951",https://disneycruise.disney.go.com/en-in/cruises-destinations/list/WW0585/7-Night-Norwegian-Fjords-Cruise-from-Southampton/2027-07-23-Disney-Wish/
WW0586,7-Night Norwegian Fjords Cruise from Southampton,7,Southampton,EUROPE,Disney Wish,2027-07-30 to 2027-08-06,1,"Inside: ₹762,258",https://disneycruise.disney.go.com/en-in/cruises-destinations/list/WW0586/7-Night-Norwegian-Fjords-Cruise-from-Southampton/2027-07-30-Disney-Wish/
WT0158,7-Night Western Caribbean Cruise from Port Canaveral,7,Port Canaveral,CARIBBEAN,Disney Treasure,2027-12-26 to 2028-01-02,1,"Inside: ₹772,155, Outside: ₹842,280, Verandah: ₹989,272, Suite: ₹2,407,954",https://disneycruise.disney.go.com/en-in/cruises-destinations/list/WT0158/7-Night-Western-Caribbean-Cruise-from-Port-Canaveral/2027-12-26-Disney-Treasure/
WT0157,8-Night Very Merrytime Eastern Caribbean Cruise from Port Canaveral,8,Port Canaveral,CARIBBEAN,Disney Treasure,2027-12-18 to 2027-12-26,1,"Inside: ₹794,327, Outside: ₹866,764, Verandah: ₹1,008,555, Suite: ₹2,412,595",https://disneycruise.disney.go.com/en-in/cruises-destinations/list/WT0157/8-Night-Very-Merrytime-Eastern-Caribbean-Cruise-from-Port-Canaveral/2027-12-18-Disney-Treasure/
WW0579,8-Night Adriatic Sea and Greece Cruise from Civitavecchia (Rome),8,Civitavecchia (Rome),EUROPE,Disney Wish,2027-06-07 to 2027-06-15,1,"Inside: ₹796,949, Outside: ₹813,902, Verandah: ₹937,199",https://disneycruise.disney.go.com/en-in/cruises-destinations/list/WW0579/8-Night-Adriatic-Sea-and-Greece-Cruise-from-Civitavecchia-Rome/2027-06-07-Disney-Wish/
WW0581,10-Night Mediterranean with Greek Isles Cruise from Civitavecchia (Rome) ending in Barcelona,10,Civitavecchia (Rome),EUROPE,Disney Wish,2027-06-23 to 2027-07-03,1,"Inside: ₹797,132",https://disneycruise.disney.go.com/en-in/cruises-destinations/list/WW0581/10-Night-Mediterranean-with-Greek-Isles-Cruise-from-Civitavecchia-Rome-ending-in-Barcelona/2027-06-23-Disney-Wish/
DF0895,10-Night Southern Caribbean Cruise from Port Canaveral,10,Port Canaveral,CARIBBEAN,Disney Fantasy,2027-07-11 to 2027-07-21,1,"Inside: ₹816,384, Outside: ₹899,223, Verandah: ₹1,078,389, Suite: ₹4,168,510",https://disneycruise.disney.go.com/en-in/cruises-destinations/list/DF0895/10-Night-Southern-Caribbean-Cruise-from-Port-Canaveral/2027-07-11-Disney-Fantasy/
WW0597,4-Night Bermuda Cruise from New York,4,New York,BERMUDA,Disney Wish,2027-09-29 to 2027-10-03,1,"Suite: ₹2,483,273",https://disneycruise.disney.go.com/en-in/cruises-destinations/list/WW0597/4-Night-Bermuda-Cruise-from-New-York/2027-09-29-Disney-Wish/
